1970-01-01_0477a2cfd8.pdf	https://www.td.gov.hk/filemanager/common/tvrm%20auction%20handout_2018.10.21.pdf
1970-01-01_05262df437.pdf	https://www.td.gov.hk/filemanager/common/auction%20result%20handout%203-6-2012.pdf
1970-01-01_0533e48a5b.pdf	https://www.td.gov.hk/filemanager/common/tvrm%20auction%20result_2019.8.10.pdf
1970-01-01_0823bef2eb.pdf	https://www.td.gov.hk/filemanager/common/tvrm%20auction%20result_2019.6.2.pdf
1970-01-01_08ed6163df.pdf	https://www.td.gov.hk/filemanager/common/tvrm_auction_result-2015-07-05.pdf
1970-01-01_0c930fdfb2.pdf	https://www.td.gov.hk/filemanager/common/tvrm%20auction%20result_2018.11.3.pdf
1970-01-01_0d2c58708e.pdf	https://www.td.gov.hk/filemanager/common/tvrm%20auction%20result%20handout%2011-3-2012.pdf
1970-01-01_0d6921f6b4.pdf	https://www.td.gov.hk/filemanager/common/tvrm_auction_result_6_6_2021.pdf
1970-01-01_0fe469fc51.pdf	https://www.td.gov.hk/filemanager/common/tvrm%20auction%20handout_2018.6.17.pdf
1970-01-01_13c48a7b3d.pdf	https://www.td.gov.hk/filemanager/common/tvrm%20auction%20result_2019.4.7.pdf
1970-01-01_16aa740a25.pdf	https://www.td.gov.hk/filemanager/sc/content_4804/TVRMs%20Auction%20Result%20Handout%2025%20May%202025.Chin.pdf
1970-01-01_1774b9d5b6.pdf	https://www.td.gov.hk/filemanager/tc/content_4804/TVRMs%20Auction%20Result%20Handout%2018%20May%202025.Chin.pdf
1970-01-01_17df9e62fb.pdf	https://www.td.gov.hk/filemanager/common/auction-result-handout_2-7-2017.pdf
1970-01-01_1980c754cf.pdf	https://www.td.gov.hk/filemanager/common/auction%20result%20handout%201.4.2012.pdf
1970-01-01_1a502bea28.pdf	https://www.td.gov.hk/filemanager/en/content_4804/TVRMs%20Auction%20Result%20Handout%2025%20May%202025.Eng.pdf
1970-01-01_1b80a0802b.pdf	https://www.td.gov.hk/filemanager/common/tvrm%20auction%20result%20handout%2026.2.2012.pdf
1970-01-01_1cc0047a84.pdf	https://www.td.gov.hk/filemanager/common/tvrm%20auction%20result_2017.12.2.pdf
1970-01-01_201408d7c9.pdf	https://www.td.gov.hk/filemanager/common/auction%20result%20handout_2017.03.11.pdf
1970-01-01_22f43d8472.pdf	https://www.td.gov.hk/filemanager/common/tvrm%20auction%20handout_2016.5.1.pdf
1970-01-01_246b4802c1.pdf	https://www.td.gov.hk/filemanager/common/tvrm%20auction%20result%20handout_23.8.2014.pdf
1970-01-01_25557f11ef.pdf	https://www.td.gov.hk/filemanager/common/auction-result-handout_18-11-2017.pdf
1970-01-01_25a457b82d.pdf	https://www.td.gov.hk/filemanager/common/auction%20result%20handout_2016.1.31.pdf
1970-01-01_260513be00.pdf	https://www.td.gov.hk/filemanager/tc/content_4804/TVRMs%20Auction%20Result%20Handout%202%20November%202024.Chin.pdf
1970-01-01_2645c76c8f.pdf	https://www.td.gov.hk/filemanager/common/auction%20result%20handout_2016.11.26.pdf
1970-01-01_28ee3bf46d.pdf	https://www.td.gov.hk/filemanager/common/auction-result-handout_15-7-2017.pdf
1970-01-01_2bd5103aed.pdf	https://www.td.gov.hk/filemanager/tc/content_4804/TVRMs%20Auction%20Result%20Handout%206%20October%202024.Chin.pdf
1970-01-01_2c3e157b4c.pdf	https://www.td.gov.hk/filemanager/common/tvrm%20auction%20handout_2017.3.19.pdf
1970-01-01_2f51040b3a.pdf	https://www.td.gov.hk/filemanager/common/auction%20result%20handout_2015.10.24.pdf
1970-01-01_300b63c07d.pdf	https://www.td.gov.hk/filemanager/common/tvrm%20auction%20result_30.11.2019.pdf
1970-01-01_33531a7a6a.pdf	https://www.td.gov.hk/filemanager/common/tvrm%20auction%20handout_2016.8.13.pdf
1970-01-01_336e52802c.pdf	https://www.td.gov.hk/filemanager/common/auction%20result%20handout_2017.7.30.pdf
1970-01-01_34cdccb6c1.pdf	https://www.td.gov.hk/filemanager/common/tvrm%20auction%20handout_2015.11.8.pdf
1970-01-01_355c2e790f.pdf	https://www.td.gov.hk/filemanager/common/auction%20result%20handout_2016.4.17.pdf
1970-01-01_369d9e32f6.pdf	https://www.td.gov.hk/filemanager/common/tvrm%20auction%20handout_2017.10.22.pdf
1970-01-01_371fcbd426.pdf	https://www.td.gov.hk/filemanager/en/content_4804/TVRMs%20Auction%20Result%20Handout%2018%20May%202025.Eng.pdf
1970-01-01_372f5a36a7.pdf	https://www.td.gov.hk/filemanager/common/tvrm-auction-handout_2016-07-31.pdf
1970-01-01_37e59e3ce9.pdf	https://www.td.gov.hk/filemanager/common/tvrm%20auction%20result_2017.9.9_rev..pdf
1970-01-01_3805c2db10.pdf	https://www.td.gov.hk/filemanager/common/tvrm%20auction%20result%20handout_26.10.2014.pdf
1970-01-01_3b966c33cf.pdf	https://www.td.gov.hk/filemanager/common/tvrm%20auction%20result%20handout_16.11.2013.pdf
1970-01-01_3e1b78a04c.pdf	https://www.td.gov.hk/filemanager/common/auction%20result%20handout_2017.5.14.pdf
1970-01-01_40bcd4db67.pdf	https://www.td.gov.hk/filemanager/common/tvrm%20auction%20handout_2016.3.5.pdf
1970-01-01_4294d8a94e.pdf	https://www.td.gov.hk/filemanager/common/tvrm%20auction%20result%20handout%2030-10-2011.pdf
1970-01-01_43491ddfec.pdf	https://www.td.gov.hk/filemanager/common/tvrm_auction_result_19_6_2021.pdf
1970-01-01_450b2e573c.pdf	https://www.td.gov.hk/filemanager/common/tvrm%20auction%20result%20handout%2019-5-2012.pdf
1970-01-01_452fb8565d.pdf	https://www.td.gov.hk/filemanager/common/tvrm%20auction%20handout_2016.8.14.pdf
1970-01-01_4a334d9985.pdf	https://www.td.gov.hk/filemanager/common/auction%20result%20handout_2016.12.4.pdf
1970-01-01_4a56fbc7a0.pdf	https://www.td.gov.hk/filemanager/common/tvrm%20auction%20result%20handout_2.8.2015.pdf
1970-01-01_4ad0333ea3.pdf	https://www.td.gov.hk/filemanager/common/tvrm%20auction%20result_20.10.2019.pdf
1970-01-01_5051d327a7.pdf	https://www.td.gov.hk/filemanager/common/tvrm-auction-handout_2016-07-30.pdf
1970-01-01_5185fe51aa.pdf	https://www.td.gov.hk/filemanager/common/tvrm%20auction%20handout_2016.5.7.pdf
1970-01-01_521fcbd89b.pdf	https://www.td.gov.hk/filemanager/common/tvrm%20auction%20handout_16.3.2014.pdf
1970-01-01_526274b629.pdf	https://www.td.gov.hk/filemanager/common/auction%20result%20handout_2016.03.19.pdf
1970-01-01_53de96547a.pdf	https://www.td.gov.hk/filemanager/common/auction%20result%20handout%2030-3-2014.pdf
1970-01-01_563b963edc.pdf	https://www.td.gov.hk/filemanager/common/tvrm%20auction%20result%20handout_7.9.2014.pdf
1970-01-01_5695218435.pdf	https://www.td.gov.hk/filemanager/sc/content_4804/TVRMs%20Auction%20Result%20Handout%2014%20September%202024.Chin.pdf
1970-01-01_574d189dd1.pdf	https://www.td.gov.hk/filemanager/common/auction%20result%20handout_2016.6.5.pdf
1970-01-01_5ad7bccac0.pdf	https://www.td.gov.hk/filemanager/common/lny%202013.pdf
1970-01-01_5d3f5c5c28.pdf	https://www.td.gov.hk/filemanager/common/tvrm%20auction%20result%20handout_17.11.2013.pdf
1970-01-01_5e096aef4f.pdf	https://www.td.gov.hk/filemanager/common/tvrm_auction_result_7_8_2021.pdf
1970-01-01_5f38feab95.pdf	https://www.td.gov.hk/filemanager/common/tvrm%20auction%20result%20handout_30.11.2014.pdf
1970-01-01_63c46a92f6.pdf	https://www.td.gov.hk/filemanager/common/auction%20result%20handout_2017.1.8.pdf
1970-01-01_644fd1191e.pdf	https://www.td.gov.hk/filemanager/common/tvrm%20auction%20handout_2017.12.17.pdf
1970-01-01_661dd2fd71.pdf	https://www.td.gov.hk/filemanager/sc/content_4804/TVRMs%20Auction%20Result%20Handout%2030%20Nov%202025_CH.pdf
1970-01-01_69e6a53d31.pdf	https://www.td.gov.hk/filemanager/common/auction%20result%20handout_8.11.2015.pdf
1970-01-01_6ccd12c488.pdf	https://www.td.gov.hk/filemanager/common/tvrm%20auction%20result%20handout_16.2.2014.pdf
1970-01-01_6e19909e74.pdf	https://www.td.gov.hk/filemanager/tc/content_4804/TVRMs%20Auction%20Result%20Handout%204%20August%202024.Chin.pdf
1970-01-01_6ede3a259e.pdf	https://www.td.gov.hk/filemanager/common/tvrm%20auction%20result_14.12.2019.pdf
1970-01-01_6ef356af54.pdf	https://www.td.gov.hk/filemanager/common/auction%20result%20handout_2016.5.8.pdf
1970-01-01_706bf0fe61.pdf	https://www.td.gov.hk/filemanager/tc/content_4804/TVRMs%20Auction%20Result%20Handout%2014%20September%202024.Chin.pdf
1970-01-01_717318f05f.pdf	https://www.td.gov.hk/filemanager/en/content_4804/TVRMs%20Auction%20Result%20Handout%2014%20September%202024.Eng.pdf
1970-01-01_74d9cbae78.pdf	https://www.td.gov.hk/filemanager/common/tvrm%20auction%20handout_2017.12.3.pdf
1970-01-01_7777a82a63.pdf	https://www.td.gov.hk/filemanager/common/tvrm%20auction%20handout_2018.6.16.pdf
1970-01-01_78215765c6.pdf	https://www.td.gov.hk/filemanager/common/tvrm%20auction%20result_2019.8.11.pdf
1970-01-01_798300ff85.pdf	https://www.td.gov.hk/filemanager/common/tvrm%20auction%20handout_2017.10.7.pdf
1970-01-01_7a0e88af85.pdf	https://www.td.gov.hk/filemanager/common/tvrm%20auction%20result%20handout_3.5.2015.pdf
1970-01-01_7bd70ce30f.pdf	https://www.td.gov.hk/filemanager/common/tvrm%20auction%20result%20handout_15.12.2013.pdf
1970-01-01_7cd3a2ba8a.pdf	https://www.td.gov.hk/filemanager/common/tvrm%20auction%20result_2018.3.17.pdf
1970-01-01_7d42da2ce0.pdf	https://www.td.gov.hk/filemanager/common/tvrm%20auction%20result%20handout%2030-12-2012.pdf
1970-01-01_82080bcfe9.pdf	https://www.td.gov.hk/filemanager/sc/content_4804/TVRMs%20Auction%20Result%20Handout%204%20August%202024.Chin.pdf
1970-01-01_8306a0bd72.pdf	https://www.td.gov.hk/filemanager/common/tvrm%20auction%20handout_2018.7.14.pdf
1970-01-01_882aff2473.pdf	https://www.td.gov.hk/filemanager/common/tvrm%20auction%20handout_18.1.2015.pdf
1970-01-01_8cd928a9fb.pdf	https://www.td.gov.hk/filemanager/common/tvrm%20auction%20handout_2017.2.4.pdf
1970-01-01_8cf8f2b4e0.pdf	https://www.td.gov.hk/filemanager/common/auction%20result%20handout_2016.7.10.pdf
1970-01-01_8d247ab028.pdf	https://www.td.gov.hk/filemanager/common/tvrm%20auction%20result%20handout_20.10.2013.pdf
1970-01-01_8eb709bfa3.pdf	https://www.td.gov.hk/filemanager/en/content_4804/TVRMs%20Auction%20Result%20Handout%202%20November%202024.Eng.pdf
1970-01-01_8fb90d1238.pdf	https://www.td.gov.hk/filemanager/common/tvrm%20auction%20result_2019.9.1.pdf
1970-01-01_9042ed056c.pdf	https://www.td.gov.hk/filemanager/common/tvrm%20auction%20result%20handout%206-10-2012.pdf
1970-01-01_90a9f49960.pdf	https://www.td.gov.hk/filemanager/common/tvrm%20auction%20result%20handout_11.1.2015.pdf
1970-01-01_92edac2d40.pdf	https://www.td.gov.hk/filemanager/common/auction%20result%20handout_2016.9.3.pdf
1970-01-01_94e54c300b.pdf	https://www.td.gov.hk/filemanager/common/auction%20result%20handout_2015.12.5.pdf
1970-01-01_95568e8b7d.pdf	https://www.td.gov.hk/filemanager/common/tvrm-auctionresult2018iv-22.pdf
1970-01-01_9662553ec0.pdf	https://www.td.gov.hk/filemanager/common/auction%20result%20handout_11.12.2011.pdf
1970-01-01_96bb7576a2.pdf	https://www.td.gov.hk/filemanager/common/auction%20result%20handout_2016.9.11.pdf
1970-01-01_9704d923d4.pdf	https://www.td.gov.hk/filemanager/common/tvrm-auction-result-handout-2015-08-23.pdf
1970-01-01_996b3829bf.pdf	https://www.td.gov.hk/filemanager/common/tvrm%20auction%20result_2018.7.8.pdf
1970-01-01_9b8200af81.pdf	https://www.td.gov.hk/filemanager/common/tvrm%20auction%20result_2018.5.20.pdf
1970-01-01_9c8d9d4a69.pdf	https://www.td.gov.hk/filemanager/common/tvrmauctionresulthandout-2015-05-23.pdf
1970-01-01_9cd80288ed.pdf	https://www.td.gov.hk/filemanager/common/tvrm%20auction%20handout_2016.7.16.pdf
1970-01-01_9d38aa5902.pdf	https://www.td.gov.hk/filemanager/common/auction%20result%20handout_2016.10.23.pdf
1970-01-01_9fea5c4b49.pdf	https://www.td.gov.hk/filemanager/common/tvrmauctionresult2018-03-10.pdf
1970-01-01_a0c26593dd.pdf	https://www.td.gov.hk/filemanager/common/auction%20result%20handout%2018-1-2015.pdf
1970-01-01_a273dce847.pdf	https://www.td.gov.hk/filemanager/common/tvrm%20auction%20handout_2017.2.5.pdf
1970-01-01_a34284dc1b.pdf	https://www.td.gov.hk/filemanager/common/auction%20result%20handout_2017.6.11.pdf
1970-01-01_a4ac902033.pdf	https://www.td.gov.hk/filemanager/common/auction%20result%20handout_2017.7.9.pdf
1970-01-01_a51eba459c.pdf	https://www.td.gov.hk/filemanager/common/tvrm%20auction%20result%20handout_11.1.2014.pdf
1970-01-01_a54ad36c6a.pdf	https://www.td.gov.hk/filemanager/common/tvrm%20auction%20result_19.1.2020.pdf
1970-01-01_a570702810.pdf	https://www.td.gov.hk/filemanager/common/auction%20result%20handout_2016.1.24.pdf
1970-01-01_a592f7abda.pdf	https://www.td.gov.hk/filemanager/common/tvrm%20auction%20result%20handout_23.11.2013.pdf
1970-01-01_a606087d8d.pdf	https://www.td.gov.hk/filemanager/common/tvrm%20auction%20result%208-5-2011.pdf
1970-01-01_a82cc3aa0b.pdf	https://www.td.gov.hk/filemanager/common/auction%20result%20handout_2016.12.10.pdf
1970-01-01_aa97fc5bb6.pdf	https://www.td.gov.hk/filemanager/common/tvrm%20auction%20result%20handout_18.5.2014.pdf
1970-01-01_aae217d66b.pdf	https://www.td.gov.hk/filemanager/common/tvrm%20auction%20handout_2018.7.7.pdf
1970-01-01_ac6cb1b7b7.pdf	https://www.td.gov.hk/filemanager/common/tvrm%20auction%20handout_2016.6.19.pdf
1970-01-01_ad29723757.pdf	https://www.td.gov.hk/filemanager/common/auction%20result%20handout_2017.01.22.pdf
1970-01-01_ae7a2a1d71.pdf	https://www.td.gov.hk/filemanager/common/tvrm%20auction%20result%201-5-2011.pdf
1970-01-01_af147aadd5.pdf	https://www.td.gov.hk/filemanager/common/auction%20result%20handout_2016.3.6.pdf
1970-01-01_b1f6d868ac.pdf	https://www.td.gov.hk/filemanager/common/tvrm%20auction%20result%20handout_26.4.2015.pdf
1970-01-01_b4cb97a3a9.pdf	https://www.td.gov.hk/filemanager/common/tvrm%20auction%20result%20handout_26.7.2015.pdf
1970-01-01_b4e1d603ec.pdf	https://www.td.gov.hk/filemanager/common/tvrmauctionresult2018-06-03.pdf
1970-01-01_b53e43837f.pdf	https://www.td.gov.hk/filemanager/common/tvrm%20auction%20result_2018.12.2.pdf
1970-01-01_b57dbf75c6.pdf	https://www.td.gov.hk/filemanager/common/tvrm%20auction%20result%20handout_16.11.2014.pdf
1970-01-01_b5972da993.pdf	https://www.td.gov.hk/filemanager/common/auction%20result%20handout%203-4-2011.pdf
1970-01-01_b84f8e850f.pdf	https://www.td.gov.hk/filemanager/common/tvrm%20auction%20result_2019.5.19.pdf
1970-01-01_bf869f8d2c.pdf	https://www.td.gov.hk/filemanager/common/tvrm%20auction%20result%20handout%201-9-2013.pdf
1970-01-01_c014949d21.pdf	https://www.td.gov.hk/filemanager/tc/content_4806/lny%20result%202011.pdf
1970-01-01_c0641d7a29.pdf	https://www.td.gov.hk/filemanager/common/tvrm%20auction%20result%20handout_24.5.2015.pdf
1970-01-01_c2a41493a7.pdf	https://www.td.gov.hk/filemanager/en/content_4804/TVRMs%20Auction%20Result%20Handout%204%20August%202024.Eng.pdf
1970-01-01_c4088fe276.pdf	https://www.td.gov.hk/filemanager/common/auction%20result%20handout_2017.4.29.pdf
1970-01-01_c4c183c09c.pdf	https://www.td.gov.hk/filemanager/common/lny%20vrm%20auction%20result%20handout_23.2.2014.pdf
1970-01-01_c5ad3790cf.pdf	https://www.td.gov.hk/filemanager/en/content_4804/TVRMs%20Auction%20Result%20Handout%206%20October%202024.Eng.pdf
1970-01-01_c60cc520e0.pdf	https://www.td.gov.hk/filemanager/common/tvrm%20auction%20handout_2018.3.10.pdf
1970-01-01_cb89953fd5.pdf	https://www.td.gov.hk/filemanager/common/tvrm%20auction%20result%20handout_15.3.2015.pdf
1970-01-01_cffd406524.pdf	https://www.td.gov.hk/filemanager/common/auction%20result%20handout_2017.1.7.pdf
1970-01-01_d05937c208.pdf	https://www.td.gov.hk/filemanager/common/tvrm%20auction%20result%20handout_13.7.2014.pdf
1970-01-01_d130ce61ca.pdf	https://www.td.gov.hk/filemanager/tc/content_4804/TVRMs%20Auction%20Result%20Handout%2025%20May%202025.Chin.pdf
1970-01-01_d21b45d8fe.pdf	https://www.td.gov.hk/filemanager/common/tvrm_auction_result_13_11_2021.pdf
1970-01-01_d22074e1b7.pdf	https://www.td.gov.hk/filemanager/common/tvrm%20auction%20result%20handout_3.8.2014.pdf
1970-01-01_d3c885a884.pdf	https://www.td.gov.hk/filemanager/common/tvrmauctionresult2017-12-10.pdf
1970-01-01_d7f7d8048c.pdf	https://www.td.gov.hk/filemanager/common/tvrm%20auction%20handout_7.12.2014.pdf
1970-01-01_d8d51ccab6.pdf	https://www.td.gov.hk/filemanager/sc/content_4804/TVRMs%20Auction%20Result%20Handout%202%20November%202024.Chin.pdf
1970-01-01_dc5b3c9352.pdf	https://www.td.gov.hk/filemanager/common/auction%20result%20handout_4.10.2015.pdf
1970-01-01_de002779ce.pdf	https://www.td.gov.hk/filemanager/common/tvrm%20auction%20result%20handout%2021-9-2013.pdf
1970-01-01_de9cbb30a9.pdf	https://www.td.gov.hk/filemanager/common/tvrm_auction_handout_31_7_2021.pdf
1970-01-01_dfb75c4dd9.pdf	https://www.td.gov.hk/filemanager/common/tvrm%20auction%20result%20handout%2022-9-2013.pdf
1970-01-01_e00dcfb07a.pdf	https://www.td.gov.hk/filemanager/common/tvrm%20auction%20handout_2018.7.15.pdf
1970-01-01_e23596c916.pdf	https://www.td.gov.hk/filemanager/common/tvrm%20auction%20handout_2016.3.12.pdf
1970-01-01_e2e5cd4d77.pdf	https://www.td.gov.hk/filemanager/common/tvrm%20auction%20result_2018.10.14.pdf
1970-01-01_e59590c99e.pdf	https://www.td.gov.hk/filemanager/common/auction%20result%20handout_2016.7.17.pdf
1970-01-01_e7332bcc81.pdf	https://www.td.gov.hk/filemanager/common/tvrm%20auction%20result%20handout%204-12-2011.pdf
1970-01-01_e7744a7b21.pdf	https://www.td.gov.hk/filemanager/common/tvrm%20auction%20result%20handout_21.12.2014.pdf
1970-01-01_eb625ca9de.pdf	https://www.td.gov.hk/filemanager/common/tvrm%20auction%20handout_2017.12.10.pdf
1970-01-01_ee4a6f38ec.pdf	https://www.td.gov.hk/filemanager/sc/content_4804/TVRMs%20Auction%20Result%20Handout%2018%20May%202025.Chin.pdf
1970-01-01_f00c67f528.pdf	https://www.td.gov.hk/filemanager/common/tvrm%20auction%20handout_30.6.2018.pdf
1970-01-01_f24f16edf1.pdf	https://www.td.gov.hk/filemanager/common/tvrm%20auction%20result_2018.8.4.pdf
1970-01-01_f4b6301264.pdf	https://www.td.gov.hk/filemanager/common/tvrm%20auction%20result%20handout%208-7-2012.pdf
1970-01-01_f623620fa0.pdf	https://www.td.gov.hk/filemanager/common/auction%20result%20handout%207-12-2014.pdf
1970-01-01_f77a1dbfb4.pdf	https://www.td.gov.hk/filemanager/common/2016cny_auction_result.pdf
1970-01-01_f9ace3ef09.pdf	https://www.td.gov.hk/filemanager/common/2015cny%20auction%20result.pdf
1970-01-01_f9c79895ca.pdf	https://www.td.gov.hk/filemanager/common/auction%20result%20handout_2017.7.16.pdf
1970-01-01_faece68423.pdf	https://www.td.gov.hk/filemanager/common/tvrm_auction_result_10_7_2021.pdf
1970-01-01_faee2f84fd.pdf	https://www.td.gov.hk/filemanager/common/tvrm%20auction%20result_2018.4.8.pdf
1970-01-01_ff0cb88204.pdf	https://www.td.gov.hk/filemanager/common/tvrm_auction_result_11_12_2021.pdf
1970-01-01_ff97da4ca6.pdf	https://www.td.gov.hk/filemanager/sc/content_4804/TVRMs%20Auction%20Result%20Handout%206%20October%202024.Chin.pdf
2008-02-23_3bf6a12e26.pdf	https://www.td.gov.hk/filemanager/tc/content_4806/20080223ret.pdf
20080223ret.pdf	https://www.td.gov.hk/filemanager/tc/content_4806/20080223ret.pdf
2009-02-07_0fdd7a44df.pdf	https://www.td.gov.hk/filemanager/tc/content_4806/20090207ret.pdf
20090207ret.pdf	https://www.td.gov.hk/filemanager/tc/content_4806/20090207ret.pdf
2010-02-28_ec15412618.pdf	https://www.td.gov.hk/filemanager/tc/content_4806/auctionresultshandout_20100228.pdf
2010-06-20_3fd58f28af.pdf	https://www.td.gov.hk/filemanager/common/tvrm%20auction%20handout_20100620.pdf
2010-07-17_4f0a9bdcfd.pdf	https://www.td.gov.hk/filemanager/common/auction%20results%20handout%20for%20tvrm%20auction_20100717.pdf
2010-08-21_e7ee1f9b79.pdf	https://www.td.gov.hk/filemanager/common/tvrm%20auction%20handout_20100821.pdf
2010-08-29_889ce187bd.pdf	https://www.td.gov.hk/filemanager/common/tvrm%20auction%20handout_20100829.pdf
2010-08-29_fd94068c60.pdf	https://www.td.gov.hk/filemanager/common/tvrm%20auction%20results%20handout_20100829.pdf
2010-10-02_4ef045208e.pdf	https://www.td.gov.hk/filemanager/common/tvrm%20auction%20results%20handout_20101002.pdf
2010-10-09_92c5c88950.pdf	https://www.td.gov.hk/filemanager/common/tvrm%20auction%20handout_20101009.pdf
2010-10-09_e37cc1b39d.pdf	https://www.td.gov.hk/filemanager/common/tvrm%20auction%20results%20handout_20101009.pdf
2010-12-05_fdfc9704ee.pdf	https://www.td.gov.hk/filemanager/common/tvrm%20auction%20handout_20101205.pdf
2010-12-19_26b3ce282f.pdf	https://www.td.gov.hk/filemanager/common/auction%20results%20handout_20101219.pdf
2011-02-12_97fa2c62e3.pdf	https://www.td.gov.hk/filemanager/common/tvrm%20auction%20handout_20110212%20%28rev%29.pdf
2011-02-12_b2cce7f3a8.pdf	https://www.td.gov.hk/filemanager/common/tvrm%20auction%20handout_20110212.pdf
2011-06-05_3dfddbd9e2.pdf	https://www.td.gov.hk/filemanager/common/tvrm%20auction%20handout_20110605.pdf
2011-06-19_241f676377.pdf	https://www.td.gov.hk/filemanager/common/tvrm%20auction%20handout_20110619.pdf
2011-07-02_16ab9ca65e.pdf	https://www.td.gov.hk/filemanager/common/tvrm%20auction%20handout_20110702.pdf
2011-07-10_68e7ff8e14.pdf	https://www.td.gov.hk/filemanager/common/tvrm%20auction%20handout_20110710.pdf
2011-08-21_597710760d.pdf	https://www.td.gov.hk/filemanager/common/tvrm%20auction%20handout_20110821.pdf
2011-08-28_dece38760b.pdf	https://www.td.gov.hk/filemanager/common/tvrm%20auction%20handout_20110828.pdf
2011-09-04_0a2bcf3eb7.pdf	https://www.td.gov.hk/filemanager/common/tvrm%20auction%20handout_20110904.pdf
2011-09-10_7e2f753620.pdf	https://www.td.gov.hk/filemanager/common/tvrm%20auction%20handout_20110910.pdf
2011-09-10_e292c4e80d.pdf	https://www.td.gov.hk/filemanager/common/tvrm_resultt20110910.pdf
2011-09-18_a73a345f8f.pdf	https://www.td.gov.hk/filemanager/common/tvrm%20auction%20handout_20110918.pdf
2012-02-12_301699a688.pdf	https://www.td.gov.hk/filemanager/common/lny%20vrms%20auction%20result%20handout%20%2820120212%29.pdf
2012-05-13_cc845853f4.pdf	https://www.td.gov.hk/filemanager/common/20120513%20tvrm%20auction%20result.pdf
2012-05-20_4a528c9442.pdf	https://www.td.gov.hk/filemanager/common/20120520%20tvrm%20auction%20result.pdf
2012-06-16_e946231ec9.pdf	https://www.td.gov.hk/filemanager/common/20120616%20tvrm%20auction%20result.pdf
2012-08-04_b964792c5f.pdf	https://www.td.gov.hk/filemanager/common/tvrm%20auction%20handout_20120804.pdf
2012-08-05_3f2f7f0533.pdf	https://www.td.gov.hk/filemanager/common/tvrm%20auction%20handout_20120805.pdf
2012-12-09_56aa9f4a4e.pdf	https://www.td.gov.hk/filemanager/common/20121209%20tvrm%20auction%20result.pdf
20120513%20tvrm%20auction%20result.pdf	https://www.td.gov.hk/filemanager/common/20120513%20tvrm%20auction%20result.pdf
20120520%20tvrm%20auction%20result.pdf	https://www.td.gov.hk/filemanager/common/20120520%20tvrm%20auction%20result.pdf
20120616%20tvrm%20auction%20result.pdf	https://www.td.gov.hk/filemanager/common/20120616%20tvrm%20auction%20result.pdf
20121209%20tvrm%20auction%20result.pdf	https://www.td.gov.hk/filemanager/common/20121209%20tvrm%20auction%20result.pdf
2013-01-27_e6866fa24c.pdf	https://www.td.gov.hk/filemanager/common/20130127%20tvrm%20auction%20result.pdf
2013-03-17_a33960f937.pdf	https://www.td.gov.hk/filemanager/common/20130317%20tvrm%20auction%20result.pdf
2013-05-05_1f00f7a41b.pdf	https://www.td.gov.hk/filemanager/common/20130505%20tvrm%20auction%20result.pdf
2013-05-18_0140dfab24.pdf	https://www.td.gov.hk/filemanager/common/20130518%20tvrm%20auction%20result.pdf
2013-07-06_d1dcb0cbcf.pdf	https://www.td.gov.hk/filemanager/common/20130706%20tvrm%20auction%20result.pdf
2013-07-13_15c44e6f34.pdf	https://www.td.gov.hk/filemanager/common/20130713%20tvrm%20auction%20result.pdf
2013-07-14_0d22d3c750.pdf	https://www.td.gov.hk/filemanager/common/20130714%20tvrm%20auction%20result.pdf
2013-09-01_892464a378.pdf	https://www.td.gov.hk/filemanager/common/20130901%20tvrm%20auction%20result.pdf
2013-11-09_f92b837a00.pdf	https://www.td.gov.hk/filemanager/common/20131109%20tvrm%20auction%20result.pdf
2013-12-08_069c1f8146.pdf	https://www.td.gov.hk/filemanager/common/20131208%20tvrm%20auction%20result.pdf
20130127%20tvrm%20auction%20result.pdf	https://www.td.gov.hk/filemanager/common/20130127%20tvrm%20auction%20result.pdf
20130317%20tvrm%20auction%20result.pdf	https://www.td.gov.hk/filemanager/common/20130317%20tvrm%20auction%20result.pdf
20130505%20tvrm%20auction%20result.pdf	https://www.td.gov.hk/filemanager/common/20130505%20tvrm%20auction%20result.pdf
20130518%20tvrm%20auction%20result.pdf	https://www.td.gov.hk/filemanager/common/20130518%20tvrm%20auction%20result.pdf
20130706%20tvrm%20auction%20result.pdf	https://www.td.gov.hk/filemanager/common/20130706%20tvrm%20auction%20result.pdf
20130713%20tvrm%20auction%20result.pdf	https://www.td.gov.hk/filemanager/common/20130713%20tvrm%20auction%20result.pdf
20130714%20tvrm%20auction%20result.pdf	https://www.td.gov.hk/filemanager/common/20130714%20tvrm%20auction%20result.pdf
20130901%20tvrm%20auction%20result.pdf	https://www.td.gov.hk/filemanager/common/20130901%20tvrm%20auction%20result.pdf
20131109%20tvrm%20auction%20result.pdf	https://www.td.gov.hk/filemanager/common/20131109%20tvrm%20auction%20result.pdf
20131208%20tvrm%20auction%20result.pdf	https://www.td.gov.hk/filemanager/common/20131208%20tvrm%20auction%20result.pdf
2014-01-26_28d0c7db5f.pdf	https://www.td.gov.hk/filemanager/common/20140126%20tvrm%20auction%20result.pdf
2014-02-15_11111890a9.pdf	https://www.td.gov.hk/filemanager/common/20140215%20tvrm%20auction%20result.pdf
2014-04-12_91a1364a8d.pdf	https://www.td.gov.hk/filemanager/common/20140412%20tvrm%20auction%20result.pdf
2014-06-08_ab91fa9617.pdf	https://www.td.gov.hk/filemanager/common/20140608%20tvrm%20auction%20result.pdf
2014-08-02_a1b2badd79.pdf	https://www.td.gov.hk/filemanager/common/20140802%20tvrm%20auction%20result.pdf
2014-09-14_64a09f4511.pdf	https://www.td.gov.hk/filemanager/common/20140914%20tvrm%20auction%20result.pdf
2014-10-19_4bc2516969.pdf	https://www.td.gov.hk/filemanager/common/20141019%20tvrm%20auction%20result.pdf
20140126%20tvrm%20auction%20result.pdf	https://www.td.gov.hk/filemanager/common/20140126%20tvrm%20auction%20result.pdf
20140215%20tvrm%20auction%20result.pdf	https://www.td.gov.hk/filemanager/common/20140215%20tvrm%20auction%20result.pdf
20140412%20tvrm%20auction%20result.pdf	https://www.td.gov.hk/filemanager/common/20140412%20tvrm%20auction%20result.pdf
20140608%20tvrm%20auction%20result.pdf	https://www.td.gov.hk/filemanager/common/20140608%20tvrm%20auction%20result.pdf
20140802%20tvrm%20auction%20result.pdf	https://www.td.gov.hk/filemanager/common/20140802%20tvrm%20auction%20result.pdf
20140914%20tvrm%20auction%20result.pdf	https://www.td.gov.hk/filemanager/common/20140914%20tvrm%20auction%20result.pdf
20141019%20tvrm%20auction%20result.pdf	https://www.td.gov.hk/filemanager/common/20141019%20tvrm%20auction%20result.pdf
2015-02-01_71f1ac787e.pdf	https://www.td.gov.hk/filemanager/common/20150201_tvrm%20auction%20result.pdf
2015-02-08_8988b3b51b.pdf	https://www.td.gov.hk/filemanager/common/20150208tvrmauctionresult.pdf
2015-03-29_369bca3b69.pdf	https://www.td.gov.hk/filemanager/common/20150329%20tvrm%20auction%20result.pdf
2015-04-11_e8bd065bcd.pdf	https://www.td.gov.hk/filemanager/common/20150411%20tvrm%20auction%20result.pdf
2015-04-25_73e8d9d2a6.pdf	https://www.td.gov.hk/filemanager/common/20150425%20tvrm%20auction%20result.pdf
2015-07-11_21d3c31f46.pdf	https://www.td.gov.hk/filemanager/common/20150711%20tvrm%20auction%20result.pdf
2015-08-29_73dd8b3b5a.pdf	https://www.td.gov.hk/filemanager/common/20150829%20tvrm%20auction%20result.pdf
2015-09-06_3bcc4552a8.pdf	https://www.td.gov.hk/filemanager/common/20150906%20tvrm%20auction%20result.pdf
2015-10-03_0164d2ecb0.pdf	https://www.td.gov.hk/filemanager/common/20151003%20tvrm%20auction%20result.pdf
2015-12-06_b20c8c9e8d.pdf	https://www.td.gov.hk/filemanager/common/20151206%20tvrm%20auction%20result.pdf
2015-12-19_529e3d7205.pdf	https://www.td.gov.hk/filemanager/common/20151219%20tvrm%20auction%20result.pdf
20150201_tvrm%20auction%20result.pdf	https://www.td.gov.hk/filemanager/common/20150201_tvrm%20auction%20result.pdf
20150208tvrmauctionresult.pdf	https://www.td.gov.hk/filemanager/common/20150208tvrmauctionresult.pdf
20150329%20tvrm%20auction%20result.pdf	https://www.td.gov.hk/filemanager/common/20150329%20tvrm%20auction%20result.pdf
20150411%20tvrm%20auction%20result.pdf	https://www.td.gov.hk/filemanager/common/20150411%20tvrm%20auction%20result.pdf
20150425%20tvrm%20auction%20result.pdf	https://www.td.gov.hk/filemanager/common/20150425%20tvrm%20auction%20result.pdf
20150711%20tvrm%20auction%20result.pdf	https://www.td.gov.hk/filemanager/common/20150711%20tvrm%20auction%20result.pdf
20150829%20tvrm%20auction%20result.pdf	https://www.td.gov.hk/filemanager/common/20150829%20tvrm%20auction%20result.pdf
20150906%20tvrm%20auction%20result.pdf	https://www.td.gov.hk/filemanager/common/20150906%20tvrm%20auction%20result.pdf
20151003%20tvrm%20auction%20result.pdf	https://www.td.gov.hk/filemanager/common/20151003%20tvrm%20auction%20result.pdf
20151206%20tvrm%20auction%20result.pdf	https://www.td.gov.hk/filemanager/common/20151206%20tvrm%20auction%20result.pdf
20151219%20tvrm%20auction%20result.pdf	https://www.td.gov.hk/filemanager/common/20151219%20tvrm%20auction%20result.pdf
2015cny%20auction%20result.pdf	https://www.td.gov.hk/filemanager/common/2015cny%20auction%20result.pdf
2016-01-02_fdc1a7c05e.pdf	https://www.td.gov.hk/filemanager/common/20160102_tvrm_auction_result.pdf
2016-01-03_7ca5740dc6.pdf	https://www.td.gov.hk/filemanager/common/20160103%20tvrm%20auction%20result.pdf
2016-03-13_909f8f3404.pdf	https://www.td.gov.hk/filemanager/common/20160313%20tvrm%20auction%20result.pdf
2016-04-10_625d919dfa.pdf	https://www.td.gov.hk/filemanager/common/20160410%20tvrm%20auction%20result.pdf
2016-04-23_7f9b53bef1.pdf	https://www.td.gov.hk/filemanager/common/20160423%20tvrm%20auction%20result.pdf
2016-05-15_e874a64940.pdf	https://www.td.gov.hk/filemanager/common/20160515%20tvrm%20auction%20handout.pdf
2016-05-29_7b64980d8a.pdf	https://www.td.gov.hk/filemanager/common/20160529%20tvrm%20auction%20result.pdf
2016-06-04_72dd70746f.pdf	https://www.td.gov.hk/filemanager/common/20160604%20tvrm%20auction%20result.pdf
2016-07-09_89c3b48349.pdf	https://www.td.gov.hk/filemanager/common/20160709%20tvrm%20auction%20result.pdf
20160103%20tvrm%20auction%20result.pdf	https://www.td.gov.hk/filemanager/common/20160103%20tvrm%20auction%20result.pdf
20160313%20tvrm%20auction%20result.pdf	https://www.td.gov.hk/filemanager/common/20160313%20tvrm%20auction%20result.pdf
20160410%20tvrm%20auction%20result.pdf	https://www.td.gov.hk/filemanager/common/20160410%20tvrm%20auction%20result.pdf
20160423%20tvrm%20auction%20result.pdf	https://www.td.gov.hk/filemanager/common/20160423%20tvrm%20auction%20result.pdf
20160515%20tvrm%20auction%20handout.pdf	https://www.td.gov.hk/filemanager/common/20160515%20tvrm%20auction%20handout.pdf
20160529%20tvrm%20auction%20result.pdf	https://www.td.gov.hk/filemanager/common/20160529%20tvrm%20auction%20result.pdf
20160604%20tvrm%20auction%20result.pdf	https://www.td.gov.hk/filemanager/common/20160604%20tvrm%20auction%20result.pdf
20160709%20tvrm%20auction%20result.pdf	https://www.td.gov.hk/filemanager/common/20160709%20tvrm%20auction%20result.pdf
2016cny_auction_result.pdf	https://www.td.gov.hk/filemanager/common/2016cny_auction_result.pdf
2017-02-12_489928386e.pdf	https://www.td.gov.hk/filemanager/common/lny%20vrms%20auction%20result%20handout%20%2820170212%29.pdf
2018-02-25_6aa2406713.pdf	https://www.td.gov.hk/filemanager/common/lnyauctionresult_20180225.pdf
2019-02-24_7360a9932c.pdf	https://www.td.gov.hk/filemanager/common/lny%20vrms%20auction%20result%20handout%20%2820190224%29.pdf
2020-11-12_2ff0daa6eb.pdf	https://www.td.gov.hk/filemanager/common/tvrm%20auction%20result%2020111218.pdf
2020-12-01_242e748c4c.pdf	https://www.td.gov.hk/filemanager/common/tvrm%20auction%20result%2020120115.pdf
2020-12-03_5de34724ad.pdf	https://www.td.gov.hk/filemanager/common/tvrm%20auction%20result%2020120318.pdf
2020-12-08_b45f70f1e0.pdf	https://www.td.gov.hk/filemanager/common/tvrm%20auction%20result%2020120804.pdf
2020-12-11_02c86e6ccf.pdf	https://www.td.gov.hk/filemanager/common/tvrm%20auction%20result%2020121103.pdf
2021-03-07_5588d89dc5.pdf	https://www.td.gov.hk/filemanager/common/lunar_new_year_vrms_auction_result_handout_%2820210307%29.pdf
2021-08-07_68ede836be.pdf	https://www.td.gov.hk/filemanager/common/tvrm%20auction%20handout_20210807.pdf
2021-09-26_60ee9f710b.pdf	https://www.td.gov.hk/filemanager/common/tvrm_result_20210926.pdf
2022-09-24_23a6c2f1b2.pdf	https://www.td.gov.hk/filemanager/en/content_4804/tvrm_auction_result_20220924_en.pdf
2022-09-24_46e0c5005b.pdf	https://www.td.gov.hk/filemanager/sc/content_4804/tvrm_auction_result_20220924_ch.pdf
2022-10-22_25211ebf4d.pdf	https://www.td.gov.hk/filemanager/tc/content_4804/tvrm_auction_result_20221022_chi.pdf
2022-10-22_b4c43826b1.pdf	https://www.td.gov.hk/filemanager/en/content_4804/tvrm_auction_result_20221022_en.pdf
2022-11-05_2d763fb420.pdf	https://www.td.gov.hk/filemanager/tc/content_4804/tvrm_auction_result_20221105_chi.pdf
2022-11-05_eaf2d0dc82.pdf	https://www.td.gov.hk/filemanager/en/content_4804/tvrm_auction_result_20221105_en.pdf
2022-11-27_789553ce6e.pdf	https://www.td.gov.hk/filemanager/en/content_4804/tvrm_auction_result_20221127_en.pdf
2022-11-27_830b97cf62.pdf	https://www.td.gov.hk/filemanager/sc/content_4804/tvrm_auction_result_20221127_ch.pdf
2022-12-11_5e857fed99.pdf	https://www.td.gov.hk/filemanager/tc/content_4804/tvrm_auction_result_20221211_chi.pdf
2022-12-11_cccdee85a8.pdf	https://www.td.gov.hk/filemanager/en/content_4804/tvrm_auction_result_20221211_en.pdf
2023-01-07_4de490e475.pdf	https://www.td.gov.hk/filemanager/en/content_4804/tvrm_auction_result_20230107_en.pdf
2023-01-07_62fc6f0622.pdf	https://www.td.gov.hk/filemanager/sc/content_4804/tvrm_auction_result_20230107_ch.pdf
2023-01-28_235b856b19.pdf	https://www.td.gov.hk/filemanager/sc/content_4804/tvrm_auction_result_20230128_ch.pdf
2023-01-28_8e7ddf61a0.pdf	https://www.td.gov.hk/filemanager/en/content_4804/tvrm_auction_result_20230128_en.pdf
2023-02-12_ffc8c8d147.pdf	https://www.td.gov.hk/filemanager/tc/content_4806/lny_auction_result_20230212_CHI.pdf
2023-02-19_10bb5f8b8b.pdf	https://www.td.gov.hk/filemanager/en/content_4804/tvrm_auction_result_20230219_en.pdf
2023-02-19_782b634c92.pdf	https://www.td.gov.hk/filemanager/tc/content_4804/tvrm_auction_result_20230219_chi.pdf
2023-02-26_2bdafb7a64.pdf	https://www.td.gov.hk/filemanager/sc/content_4804/tvrm_auction_result_20230226_ch.pdf
2023-02-26_499a54b787.pdf	https://www.td.gov.hk/filemanager/en/content_4804/tvrm_auction_result_20230226_en.pdf
2023-03-11_3154aac0e4.pdf	https://www.td.gov.hk/filemanager/en/content_4804/tvrm_auction_result_20230311_en.pdf
2023-03-11_7b9ea9cbe4.pdf	https://www.td.gov.hk/filemanager/sc/content_4804/tvrm_auction_result_20230311_ch.pdf
2023-04-23_2497989438.pdf	https://www.td.gov.hk/filemanager/tc/content_4804/tvrm_auction_result_20230423_chi.pdf
2023-04-23_ddfbe0caa7.pdf	https://www.td.gov.hk/filemanager/en/content_4804/tvrm_auction_result_20230423_en.pdf
2023-04-30_31861f4f87.pdf	https://www.td.gov.hk/filemanager/en/content_4804/tvrm_auction_result_20230430_en.pdf
2023-04-30_6bd18e39b8.pdf	https://www.td.gov.hk/filemanager/tc/content_4804/tvrm_auction_result_20230430_chi.pdf
2023-05-06_6ad4c9a3c6.pdf	https://www.td.gov.hk/filemanager/sc/content_4804/tvrm_auction_result_20230506_ch.pdf
2023-05-06_f11d146fb8.pdf	https://www.td.gov.hk/filemanager/en/content_4804/tvrm_auction_result_20230506_en.pdf
2023-05-13_00d270367e.pdf	https://www.td.gov.hk/filemanager/sc/content_4804/tvrm_auction_result_20230513_ch.pdf
2023-05-13_524c02b994.pdf	https://www.td.gov.hk/filemanager/en/content_4804/tvrm_auction_result_20230513_en.pdf
2023-05-14_2ed877d712.pdf	https://www.td.gov.hk/filemanager/tc/content_4804/tvrm_auction_result_20230514_chi.pdf
2023-05-14_ff3cb5f207.pdf	https://www.td.gov.hk/filemanager/en/content_4804/tvrm_auction_result_20230514_en.pdf
2023-05-21_6ce9130f06.pdf	https://www.td.gov.hk/filemanager/tc/content_4804/tvrm_auction_result_20230521_chi.pdf
2023-05-21_bab7c30678.pdf	https://www.td.gov.hk/filemanager/en/content_4804/tvrm_auction_result_20230521_en.pdf
2023-05-27_40bc4e51fb.pdf	https://www.td.gov.hk/filemanager/sc/content_4804/tvrm_auction_result_20230527_ch.pdf
2023-05-27_41fe408d89.pdf	https://www.td.gov.hk/filemanager/en/content_4804/tvrm_auction_result_20230527_en.pdf
2023-06-03_2154372dab.pdf	https://www.td.gov.hk/filemanager/sc/content_4804/tvrm_auction_result_20230603_ch.pdf
2023-06-03_6606fdbbf4.pdf	https://www.td.gov.hk/filemanager/en/content_4804/tvrm_auction_result_20230603_en.pdf
2023-06-04_240db4ce22.pdf	https://www.td.gov.hk/filemanager/en/content_4804/tvrm_auction_result_20230604_en.pdf
2023-06-04_bfda1b43be.pdf	https://www.td.gov.hk/filemanager/sc/content_4804/tvrm_auction_result_20230604_ch.pdf
2023-06-10_ada5733ae8.pdf	https://www.td.gov.hk/filemanager/sc/content_4804/tvrm_auction_result_20230610_ch.pdf
2023-06-10_cd6a0d9ac8.pdf	https://www.td.gov.hk/filemanager/en/content_4804/tvrm_auction_result_20230610_en.pdf
2023-06-11_6f6bc5d0e3.pdf	https://www.td.gov.hk/filemanager/tc/content_4804/tvrm_auction_result_20230611_chi.pdf
2023-06-11_c0cd2c449b.pdf	https://www.td.gov.hk/filemanager/en/content_4804/tvrm_auction_result_20230611_en.pdf
2023-06-17_65073a1758.pdf	https://www.td.gov.hk/filemanager/en/content_4804/tvrm_auction_result_20230617_en.pdf
2023-06-17_cb02c28e99.pdf	https://www.td.gov.hk/filemanager/sc/content_4804/tvrm_auction_result_20230617_ch.pdf
2023-06-18_74022ab787.pdf	https://www.td.gov.hk/filemanager/en/content_4804/tvrm_auction_result_20230618_en.pdf
2023-06-18_cb70c59d77.pdf	https://www.td.gov.hk/filemanager/tc/content_4804/tvrm_auction_result_20230618_chi.pdf
2023-07-02_0d91ea49b7.pdf	https://www.td.gov.hk/filemanager/en/content_4804/tvrm_auction_result_20230702_en.pdf
2023-07-02_2c21422515.pdf	https://www.td.gov.hk/filemanager/tc/content_4804/tvrm_auction_result_20230702_chi.pdf
2023-07-08_973280fd32.pdf	https://www.td.gov.hk/filemanager/en/content_4804/tvrm_auction_result_20230708_en.pdf
2023-07-08_cc01f59f18.pdf	https://www.td.gov.hk/filemanager/sc/content_4804/tvrm_auction_result_20230708_ch.pdf
2023-07-09_97cf10ac21.pdf	https://www.td.gov.hk/filemanager/en/content_4804/tvrm_auction_result_20230709_en.pdf
2023-07-09_9a5c568ba0.pdf	https://www.td.gov.hk/filemanager/sc/content_4804/tvrm_auction_result_20230709_ch.pdf
2023-07-15_6b34c32c7d.pdf	https://www.td.gov.hk/filemanager/en/content_4804/tvrm_auction_result_20230715_en.pdf
2023-07-15_de3d8c0d33.pdf	https://www.td.gov.hk/filemanager/sc/content_4804/tvrm_auction_result_20230715_ch.pdf
2023-08-05_36790c4dc9.pdf	https://www.td.gov.hk/filemanager/en/content_4804/tvrm_auction_result_20230805_en.pdf
2023-08-05_fc5eaecdf4.pdf	https://www.td.gov.hk/filemanager/sc/content_4804/tvrm_auction_result_20230805_ch.pdf
2023-08-06_368e60e08e.pdf	https://www.td.gov.hk/filemanager/en/content_4804/tvrm_auction_result_20230806_en.pdf
2023-08-06_6764d605aa.pdf	https://www.td.gov.hk/filemanager/sc/content_4804/tvrm_auction_result_20230806_ch.pdf
2023-08-12_0dcf10bf40.pdf	https://www.td.gov.hk/filemanager/sc/content_4804/tvrm_auction_result_20230812_ch.pdf
2023-08-12_158f6bc59a.pdf	https://www.td.gov.hk/filemanager/en/content_4804/tvrm_auction_result_20230812_en.pdf
2023-08-26_4a2d857cbd.pdf	https://www.td.gov.hk/filemanager/en/content_4804/tvrm_auction_result_20230826_en.pdf
2023-08-26_587083d85e.pdf	https://www.td.gov.hk/filemanager/tc/content_4804/tvrm_auction_result_20230826_chi.pdf
2023-09-10_bcdff2ac62.pdf	https://www.td.gov.hk/filemanager/en/content_4804/tvrm_result_20230910_en.pdf
2023-09-10_d067affb06.pdf	https://www.td.gov.hk/filemanager/sc/content_4804/tvrm_result_20230910_ch.pdf
2023-09-16_1db86ea136.pdf	https://www.td.gov.hk/filemanager/en/content_4804/tvrm_result_20230916_en.pdf
2023-09-16_cfca5d5775.pdf	https://www.td.gov.hk/filemanager/sc/content_4804/tvrm_result_20230916_ch.pdf
2023-10-07_8a1ca80dac.pdf	https://www.td.gov.hk/filemanager/en/content_4804/tvrm_auction_result_20231007_en.pdf
2023-10-07_b0bc3829d8.pdf	https://www.td.gov.hk/filemanager/tc/content_4804/tvrm_auction_result_20231007_chi.pdf
2023-10-08_6529eb7bc2.pdf	https://www.td.gov.hk/filemanager/en/content_4804/tvrm_auction_result_20231008_en.pdf
2023-10-08_fe5cb63f28.pdf	https://www.td.gov.hk/filemanager/sc/content_4804/tvrm_auction_result_20231008_ch.pdf
2023-10-21_96e72a1c09.pdf	https://www.td.gov.hk/filemanager/en/content_4804/tvrm_auction_result_20231021_en.pdf
2023-10-21_daaa5e8144.pdf	https://www.td.gov.hk/filemanager/tc/content_4804/tvrm_auction_result_20231021_chi.pdf
2023-10-22_1f072abdc3.pdf	https://www.td.gov.hk/filemanager/en/content_4804/tvrm_auction_result_20231022_en.pdf
2023-10-22_ebaa26ca06.pdf	https://www.td.gov.hk/filemanager/tc/content_4804/tvrm_auction_result_20231022_chi.pdf
2023-11-11_7d49a282d2.pdf	https://www.td.gov.hk/filemanager/en/content_4804/tvrm_result_20231111_en.pdf
2023-11-11_d8d9929e35.pdf	https://www.td.gov.hk/filemanager/sc/content_4804/tvrm_result_20231111_ch.pdf
2023-11-18_41883be492.pdf	https://www.td.gov.hk/filemanager/tc/content_4804/tvrm_auction_result_20231118_chi.pdf
2023-11-18_489b70750e.pdf	https://www.td.gov.hk/filemanager/en/content_4804/tvrm_auction_result_20231118_en.pdf
2023-11-19_752934a3ff.pdf	https://www.td.gov.hk/filemanager/en/content_4804/tvrm_auction_result_20231119_en.pdf
2023-11-19_a9aeffebb8.pdf	https://www.td.gov.hk/filemanager/tc/content_4804/tvrm_auction_result_20231119_chi.pdf
2023-11-25_60c8466eca.pdf	https://www.td.gov.hk/filemanager/sc/content_4804/tvrm_result_20231125_ch.pdf
2023-11-25_d72d440abf.pdf	https://www.td.gov.hk/filemanager/en/content_4804/tvrm_result_20231125_en.pdf
2023-12-02_781f70d2aa.pdf	https://www.td.gov.hk/filemanager/en/content_4804/tvrm_result_20231202_en.pdf
2023-12-02_cd4f81fe01.pdf	https://www.td.gov.hk/filemanager/sc/content_4804/tvrm_result_20231202_ch.pdf
2024-01-13_0953910a3f.pdf	https://www.td.gov.hk/filemanager/en/content_4804/tvrm_auction_result_20240113_en.pdf
2024-01-13_9e9b91a7e4.pdf	https://www.td.gov.hk/filemanager/tc/content_4804/tvrm_auction_result_20240113_chi.pdf
2024-01-14_5a864f1187.pdf	https://www.td.gov.hk/filemanager/en/content_4804/tvrm_auction_result_20240114_en.pdf
2024-01-14_788aa0b362.pdf	https://www.td.gov.hk/filemanager/sc/content_4804/tvrm_auction_result_20240114_ch.pdf
2024-01-20_2d6bc76a8e.pdf	https://www.td.gov.hk/filemanager/tc/content_4804/tvrm_auction_result_20240120_chi.pdf
2024-01-20_d99f575ba0.pdf	https://www.td.gov.hk/filemanager/en/content_4804/tvrm_auction_result_20240120_en.pdf
2024-01-27_926ab2e291.pdf	https://www.td.gov.hk/filemanager/sc/content_4804/tvrm_auction_result_20240127_ch.pdf
2024-01-27_c0bb5948f0.pdf	https://www.td.gov.hk/filemanager/en/content_4804/tvrm_auction_result_20240127_en.pdf
2024-01-28_ecaa9a62b1.pdf	https://www.td.gov.hk/filemanager/en/content_4804/tvrm_auction_result_20240128_en.pdf
2024-01-28_ff1d96455a.pdf	https://www.td.gov.hk/filemanager/tc/content_4804/tvrm_auction_result_20240128_chi.pdf
2024-02-03_12e6fc129c.pdf	https://www.td.gov.hk/filemanager/en/content_4804/tvrm_auction_result_20240203_en.pdf
2024-02-03_b1ce2e18d7.pdf	https://www.td.gov.hk/filemanager/tc/content_4804/tvrm_auction_result_20240203_chi.pdf
2024-02-04_693dafab28.pdf	https://www.td.gov.hk/filemanager/sc/content_4804/tvrm_auction_result_20240204_ch.pdf
2024-02-04_806c2589b4.pdf	https://www.td.gov.hk/filemanager/en/content_4804/tvrm_auction_result_20240204_en.pdf
2024-02-17_ba111ac8d5.pdf	https://www.td.gov.hk/filemanager/en/content_4804/tvrm_auction_result_20240217_en.pdf
2024-02-17_e248b369f8.pdf	https://www.td.gov.hk/filemanager/tc/content_4804/tvrm_auction_result_20240217_chi.pdf
2024-02-18_adf0f5f495.pdf	https://www.td.gov.hk/filemanager/en/content_4804/tvrm_auction_result_20240218_en.pdf
2024-02-18_bfaea06925.pdf	https://www.td.gov.hk/filemanager/sc/content_4804/tvrm_auction_result_20240218_ch.pdf
2024-02-24_108578b198.pdf	https://www.td.gov.hk/filemanager/en/content_4804/tvrm_auction_result_20240224_en.pdf
2024-02-24_577aceba05.pdf	https://www.td.gov.hk/filemanager/sc/content_4804/tvrm_auction_result_20240224_ch.pdf
2024-02-25_dae87143f2.pdf	https://www.td.gov.hk/filemanager/tc/content_4806/lny_auction_result_20240225_CHI.pdf
2024-03-09_12def85206.pdf	https://www.td.gov.hk/filemanager/en/content_4804/tvrm_auction_result_20240309_en.pdf
2024-03-09_52326359a4.pdf	https://www.td.gov.hk/filemanager/tc/content_4804/tvrm_auction_result_20240309_chi.pdf
2024-03-10_818e2ed385.pdf	https://www.td.gov.hk/filemanager/en/content_4804/tvrm_auction_result_20240310_en.pdf
2024-03-10_a52f0bcad3.pdf	https://www.td.gov.hk/filemanager/sc/content_4804/tvrm_auction_result_20240310_ch.pdf
2024-03-16_c6c9bccb12.pdf	https://www.td.gov.hk/filemanager/tc/content_4804/tvrm_auction_result_20240316_chi.pdf
2024-03-16_fc8b143f89.pdf	https://www.td.gov.hk/filemanager/en/content_4804/tvrm_auction_result_20240316_en.pdf
2024-04-06_d75e3a5e1b.pdf	https://www.td.gov.hk/filemanager/tc/content_4804/tvrm_auction_result_20240406_chi.pdf
2024-04-06_e1530648a4.pdf	https://www.td.gov.hk/filemanager/en/content_4804/tvrm_auction_result_20240406_en.pdf
2024-05-04_45b3aa92d5.pdf	https://www.td.gov.hk/filemanager/tc/content_4804/tvrm_auction_result_20240504_chi.pdf
2024-05-04_ac3c51733e.pdf	https://www.td.gov.hk/filemanager/en/content_4804/tvrm_auction_result_20240504_en.pdf
2024-05-05_64b0fb393f.pdf	https://www.td.gov.hk/filemanager/en/content_4804/tvrm_auction_result_20240505_en.pdf
2024-05-05_689e879d67.pdf	https://www.td.gov.hk/filemanager/sc/content_4804/tvrm_auction_result_20240505_ch.pdf
2024-05-25_39c710bc7a.pdf	https://www.td.gov.hk/filemanager/en/content_4804/tvrm_auction_result_20240525_en.pdf
2024-05-25_63d973d5f2.pdf	https://www.td.gov.hk/filemanager/tc/content_4804/tvrm_auction_result_20240525_chi.pdf
2024-05-26_188f90c884.pdf	https://www.td.gov.hk/filemanager/en/content_4804/tvrm_auction_result_20240526_en.pdf
2024-05-26_418c2eca25.pdf	https://www.td.gov.hk/filemanager/sc/content_4804/tvrm_auction_result_20240526_ch.pdf
2024-06-01_a88c421ec5.pdf	https://www.td.gov.hk/filemanager/tc/content_4804/tvrm_auction_result_20240601_chi.pdf
2024-06-01_e6e0dc3dd6.pdf	https://www.td.gov.hk/filemanager/en/content_4804/tvrm_auction_result_20240601_en.pdf
2024-06-02_151d80db53.pdf	https://www.td.gov.hk/filemanager/en/content_4804/tvrm_auction_result_20240602_en.pdf
2024-06-02_ff82d38b93.pdf	https://www.td.gov.hk/filemanager/sc/content_4804/tvrm_auction_result_20240602_ch.pdf
2024-06-08_bcf030be76.pdf	https://www.td.gov.hk/filemanager/tc/content_4804/tvrm_auction_result_20240608_chi.pdf
2024-06-08_d140c77f28.pdf	https://www.td.gov.hk/filemanager/en/content_4804/tvrm_auction_result_20240608_en.pdf
2024-07-06_047362ac98.pdf	https://www.td.gov.hk/filemanager/en/content_4804/tvrm_auction_result_20240706_en.pdf
2024-07-06_43ee340e78.pdf	https://www.td.gov.hk/filemanager/tc/content_4804/tvrm_auction_result_20240706_chi.pdf
2024-07-07_38e35f1a6d.pdf	https://www.td.gov.hk/filemanager/en/content_4804/tvrm_auction_result_20240707_en.pdf
2024-07-07_805c489bab.pdf	https://www.td.gov.hk/filemanager/sc/content_4804/tvrm_auction_result_20240707_ch.pdf
2024-07-13_3cc3f9c669.pdf	https://www.td.gov.hk/filemanager/en/content_4804/tvrm_auction_result_20240713_en.pdf
2024-07-13_401aa6acc7.pdf	https://www.td.gov.hk/filemanager/tc/content_4804/tvrm_auction_result_20240713_chi.pdf
2024-07-14_ac914e0795.pdf	https://www.td.gov.hk/filemanager/sc/content_4804/tvrm_auction_result_20240714_ch.pdf
2024-07-14_b4945155fa.pdf	https://www.td.gov.hk/filemanager/en/content_4804/tvrm_auction_result_20240714_en.pdf
2024-08-03_63e40ee2bc.pdf	https://www.td.gov.hk/filemanager/tc/content_4804/tvrm_auction_result_20240803_chi.pdf
2024-08-03_78442922fb.pdf	https://www.td.gov.hk/filemanager/en/content_4804/tvrm_auction_result_20240803_en.pdf
2024-08-10_4220612139.pdf	https://www.td.gov.hk/filemanager/en/content_4804/tvrm_auction_result_20240810_en.pdf
2024-08-10_f8f719bcfd.pdf	https://www.td.gov.hk/filemanager/tc/content_4804/tvrm_auction_result_20240810_chi.pdf
2024-08-11_d384c17efb.pdf	https://www.td.gov.hk/filemanager/sc/content_4804/tvrm_auction_result_20240811_ch.pdf
2024-08-11_efaabb5df0.pdf	https://www.td.gov.hk/filemanager/en/content_4804/tvrm_auction_result_20240811_en.pdf
2024-09-07_79e14d0415.pdf	https://www.td.gov.hk/filemanager/tc/content_4804/tvrm_auction_result_20240907_chi.pdf
2024-09-07_8e0b7a8b07.pdf	https://www.td.gov.hk/filemanager/en/content_4804/tvrm_auction_result_20240907_en.pdf
2024-10-05_9b329dac7a.pdf	https://www.td.gov.hk/filemanager/tc/content_4804/tvrm_auction_result_20241005_chi.pdf
2024-10-05_f258bb68a6.pdf	https://www.td.gov.hk/filemanager/en/content_4804/tvrm_auction_result_20241005_en.pdf
2024-11-16_a0119d1ea5.pdf	https://www.td.gov.hk/filemanager/en/content_4804/tvrm_auction_result_20241116_en.pdf
2024-11-16_ad005f537e.pdf	https://www.td.gov.hk/filemanager/tc/content_4804/tvrm_auction_result_20241116_chi.pdf
2024-12-01_0299120c4a.pdf	https://www.td.gov.hk/filemanager/sc/content_4804/tvrm_auction_result_20241201_ch.pdf
2024-12-01_32028b213f.pdf	https://www.td.gov.hk/filemanager/en/content_4804/tvrm_auction_result_20241201_en.pdf
2024-12-07_29bb6866ba.pdf	https://www.td.gov.hk/filemanager/en/content_4804/tvrm_auction_result_20241207_en.pdf
2024-12-07_facef5f72d.pdf	https://www.td.gov.hk/filemanager/tc/content_4804/tvrm_auction_result_20241207_chi.pdf
2025-02-16_64243e2d84.pdf	https://www.td.gov.hk/filemanager/tc/content_4806/lny_auction_result_20250216_CHI.pdf
2025-05-10_42448e8894.pdf	https://www.td.gov.hk/filemanager/en/content_4804/tvrm_auction_result_20250510_en.pdf
2025-05-10_64d7b48fb8.pdf	https://www.td.gov.hk/filemanager/sc/content_4804/tvrm_auction_result_20250510_ch.pdf
2025-05-17_8cd7a1be3d.pdf	https://www.td.gov.hk/filemanager/en/content_4804/tvrm_auction_result_20250517_en.pdf
2025-05-17_d8071401b4.pdf	https://www.td.gov.hk/filemanager/tc/content_4804/tvrm_auction_result_20250517_chi.pdf
2025-05-24_4787fc40d4.pdf	https://www.td.gov.hk/filemanager/tc/content_4804/tvrm_auction_result_20250524_chi.pdf
2025-05-24_f045adc7c6.pdf	https://www.td.gov.hk/filemanager/en/content_4804/tvrm_auction_result_20250524_en.pdf
2025-06-07_43994aa7e6.pdf	https://www.td.gov.hk/filemanager/en/content_4804/tvrm_auction_result_20250607_en.pdf
2025-06-07_f562fe91f5.pdf	https://www.td.gov.hk/filemanager/tc/content_4804/tvrm_auction_result_20250607_chi.pdf
2025-07-06_37610c7ad6.pdf	https://www.td.gov.hk/filemanager/en/content_4804/tvrm_auction_result_20250706_en.pdf
2025-07-06_c1cbbe6843.pdf	https://www.td.gov.hk/filemanager/sc/content_4804/tvrm_auction_result_20250706_ch.pdf
2025-10-19_8329a5b54e.pdf	https://www.td.gov.hk/filemanager/sc/content_4804/tvrm_auction_result_20251019_ch.pdf
2025-10-19_dccd8eefd8.pdf	https://www.td.gov.hk/filemanager/en/content_4804/tvrm_auction_result_20251019_en.pdf
2025-10-25_8c63f07abf.pdf	https://www.td.gov.hk/filemanager/en/content_4804/tvrm_auction_result_20251025_en.pdf
2025-10-25_b049a38280.pdf	https://www.td.gov.hk/filemanager/tc/content_4804/tvrm_auction_result_20251025_chi.pdf
2025-11-30_661dd2fd71.pdf	https://www.td.gov.hk/filemanager/sc/content_4804/TVRMs%20Auction%20Result%20Handout%2030%20Nov%202025_CH.pdf
2025-12-13_84a8cf9646.pdf	https://www.td.gov.hk/filemanager/en/content_4804/tvrm_auction_result_20251213_en.pdf
2025-12-13_9719d72656.pdf	https://www.td.gov.hk/filemanager/tc/content_4804/tvrm_auction_result_20251213_chi.pdf
2026-03-01_edf341ce5a.pdf	https://www.td.gov.hk/filemanager/tc/content_4806/lny_auction_result_20260301_CHI.pdf
TVRMs Auction Result Handout 14 September 2024.Chin.pdf	https://www.td.gov.hk/filemanager/sc/content_4804/TVRMs%20Auction%20Result%20Handout%2014%20September%202024.Chin.pdf
TVRMs Auction Result Handout 18 May 2025.Chin.pdf	https://www.td.gov.hk/filemanager/sc/content_4804/TVRMs%20Auction%20Result%20Handout%2018%20May%202025.Chin.pdf
TVRMs Auction Result Handout 2 November 2024.Chin.pdf	https://www.td.gov.hk/filemanager/sc/content_4804/TVRMs%20Auction%20Result%20Handout%202%20November%202024.Chin.pdf
TVRMs Auction Result Handout 25 May 2025.Chin.pdf	https://www.td.gov.hk/filemanager/sc/content_4804/TVRMs%20Auction%20Result%20Handout%2025%20May%202025.Chin.pdf
TVRMs Auction Result Handout 4 August 2024.Chin.pdf	https://www.td.gov.hk/filemanager/sc/content_4804/TVRMs%20Auction%20Result%20Handout%204%20August%202024.Chin.pdf
TVRMs Auction Result Handout 6 October 2024.Chin.pdf	https://www.td.gov.hk/filemanager/sc/content_4804/TVRMs%20Auction%20Result%20Handout%206%20October%202024.Chin.pdf
TVRMs%20Auction%20Result%20Handout%2014%20September%202024.Chin.pdf	https://www.td.gov.hk/filemanager/tc/content_4804/TVRMs%20Auction%20Result%20Handout%2014%20September%202024.Chin.pdf
TVRMs%20Auction%20Result%20Handout%2014%20September%202024.Eng.pdf	https://www.td.gov.hk/filemanager/en/content_4804/TVRMs%20Auction%20Result%20Handout%2014%20September%202024.Eng.pdf
TVRMs%20Auction%20Result%20Handout%2018%20May%202025.Chin.pdf	https://www.td.gov.hk/filemanager/tc/content_4804/TVRMs%20Auction%20Result%20Handout%2018%20May%202025.Chin.pdf
TVRMs%20Auction%20Result%20Handout%2018%20May%202025.Eng.pdf	https://www.td.gov.hk/filemanager/en/content_4804/TVRMs%20Auction%20Result%20Handout%2018%20May%202025.Eng.pdf
TVRMs%20Auction%20Result%20Handout%202%20November%202024.Chin.pdf	https://www.td.gov.hk/filemanager/tc/content_4804/TVRMs%20Auction%20Result%20Handout%202%20November%202024.Chin.pdf
TVRMs%20Auction%20Result%20Handout%202%20November%202024.Eng.pdf	https://www.td.gov.hk/filemanager/en/content_4804/TVRMs%20Auction%20Result%20Handout%202%20November%202024.Eng.pdf
TVRMs%20Auction%20Result%20Handout%2025%20May%202025.Chin.pdf	https://www.td.gov.hk/filemanager/tc/content_4804/TVRMs%20Auction%20Result%20Handout%2025%20May%202025.Chin.pdf
TVRMs%20Auction%20Result%20Handout%2025%20May%202025.Eng.pdf	https://www.td.gov.hk/filemanager/en/content_4804/TVRMs%20Auction%20Result%20Handout%2025%20May%202025.Eng.pdf
TVRMs%20Auction%20Result%20Handout%204%20August%202024.Chin.pdf	https://www.td.gov.hk/filemanager/tc/content_4804/TVRMs%20Auction%20Result%20Handout%204%20August%202024.Chin.pdf
TVRMs%20Auction%20Result%20Handout%204%20August%202024.Eng.pdf	https://www.td.gov.hk/filemanager/en/content_4804/TVRMs%20Auction%20Result%20Handout%204%20August%202024.Eng.pdf
TVRMs%20Auction%20Result%20Handout%206%20October%202024.Chin.pdf	https://www.td.gov.hk/filemanager/tc/content_4804/TVRMs%20Auction%20Result%20Handout%206%20October%202024.Chin.pdf
TVRMs%20Auction%20Result%20Handout%206%20October%202024.Eng.pdf	https://www.td.gov.hk/filemanager/en/content_4804/TVRMs%20Auction%20Result%20Handout%206%20October%202024.Eng.pdf
auction%20result%20handout%203-6-2012.pdf	https://www.td.gov.hk/filemanager/common/auction%20result%20handout%203-6-2012.pdf
auction%20result%20handout%2030-3-2014.pdf	https://www.td.gov.hk/filemanager/common/auction%20result%20handout%2030-3-2014.pdf
auction%20result%20handout_2015.10.24.pdf	https://www.td.gov.hk/filemanager/common/auction%20result%20handout_2015.10.24.pdf
auction%20result%20handout_2015.12.5.pdf	https://www.td.gov.hk/filemanager/common/auction%20result%20handout_2015.12.5.pdf
auction%20result%20handout_2016.03.19.pdf	https://www.td.gov.hk/filemanager/common/auction%20result%20handout_2016.03.19.pdf
auction%20result%20handout_2016.1.24.pdf	https://www.td.gov.hk/filemanager/common/auction%20result%20handout_2016.1.24.pdf
auction%20result%20handout_2016.1.31.pdf	https://www.td.gov.hk/filemanager/common/auction%20result%20handout_2016.1.31.pdf
auction%20result%20handout_2016.10.23.pdf	https://www.td.gov.hk/filemanager/common/auction%20result%20handout_2016.10.23.pdf
auction%20result%20handout_2016.11.26.pdf	https://www.td.gov.hk/filemanager/common/auction%20result%20handout_2016.11.26.pdf
auction%20result%20handout_2016.12.10.pdf	https://www.td.gov.hk/filemanager/common/auction%20result%20handout_2016.12.10.pdf
auction%20result%20handout_2016.12.4.pdf	https://www.td.gov.hk/filemanager/common/auction%20result%20handout_2016.12.4.pdf
auction%20result%20handout_2016.3.6.pdf	https://www.td.gov.hk/filemanager/common/auction%20result%20handout_2016.3.6.pdf
auction%20result%20handout_2016.4.17.pdf	https://www.td.gov.hk/filemanager/common/auction%20result%20handout_2016.4.17.pdf
auction%20result%20handout_2016.5.8.pdf	https://www.td.gov.hk/filemanager/common/auction%20result%20handout_2016.5.8.pdf
auction%20result%20handout_2016.6.5.pdf	https://www.td.gov.hk/filemanager/common/auction%20result%20handout_2016.6.5.pdf
auction%20result%20handout_2016.7.10.pdf	https://www.td.gov.hk/filemanager/common/auction%20result%20handout_2016.7.10.pdf
auction%20result%20handout_2016.7.17.pdf	https://www.td.gov.hk/filemanager/common/auction%20result%20handout_2016.7.17.pdf
auction%20result%20handout_2016.9.11.pdf	https://www.td.gov.hk/filemanager/common/auction%20result%20handout_2016.9.11.pdf
auction%20result%20handout_2016.9.3.pdf	https://www.td.gov.hk/filemanager/common/auction%20result%20handout_2016.9.3.pdf
auction%20result%20handout_2017.01.22.pdf	https://www.td.gov.hk/filemanager/common/auction%20result%20handout_2017.01.22.pdf
auction%20result%20handout_2017.03.11.pdf	https://www.td.gov.hk/filemanager/common/auction%20result%20handout_2017.03.11.pdf
auction%20result%20handout_2017.1.7.pdf	https://www.td.gov.hk/filemanager/common/auction%20result%20handout_2017.1.7.pdf
auction%20result%20handout_2017.1.8.pdf	https://www.td.gov.hk/filemanager/common/auction%20result%20handout_2017.1.8.pdf
auction%20result%20handout_2017.4.29.pdf	https://www.td.gov.hk/filemanager/common/auction%20result%20handout_2017.4.29.pdf
auction%20result%20handout_2017.5.14.pdf	https://www.td.gov.hk/filemanager/common/auction%20result%20handout_2017.5.14.pdf
auction%20result%20handout_2017.6.11.pdf	https://www.td.gov.hk/filemanager/common/auction%20result%20handout_2017.6.11.pdf
auction%20result%20handout_2017.7.16.pdf	https://www.td.gov.hk/filemanager/common/auction%20result%20handout_2017.7.16.pdf
auction%20result%20handout_2017.7.30.pdf	https://www.td.gov.hk/filemanager/common/auction%20result%20handout_2017.7.30.pdf
auction%20result%20handout_2017.7.9.pdf	https://www.td.gov.hk/filemanager/common/auction%20result%20handout_2017.7.9.pdf
auction%20results%20handout%20for%20tvrm%20auction_20100717.pdf	https://www.td.gov.hk/filemanager/common/auction%20results%20handout%20for%20tvrm%20auction_20100717.pdf
auction%20results%20handout_20101219.pdf	https://www.td.gov.hk/filemanager/common/auction%20results%20handout_20101219.pdf
auction-result-handout_15-7-2017.pdf	https://www.td.gov.hk/filemanager/common/auction-result-handout_15-7-2017.pdf
auction-result-handout_18-11-2017.pdf	https://www.td.gov.hk/filemanager/common/auction-result-handout_18-11-2017.pdf
auction-result-handout_2-7-2017.pdf	https://www.td.gov.hk/filemanager/common/auction-result-handout_2-7-2017.pdf
auctionresultshandout_20100228.pdf	https://www.td.gov.hk/filemanager/tc/content_4806/auctionresultshandout_20100228.pdf
lny%202013.pdf	https://www.td.gov.hk/filemanager/common/lny%202013.pdf
lny%20result%202011.pdf	https://www.td.gov.hk/filemanager/tc/content_4806/lny%20result%202011.pdf
lny%20vrm%20auction%20result%20handout_23.2.2014.pdf	https://www.td.gov.hk/filemanager/common/lny%20vrm%20auction%20result%20handout_23.2.2014.pdf
lny%20vrms%20auction%20result%20handout%20%2820120212%29.pdf	https://www.td.gov.hk/filemanager/common/lny%20vrms%20auction%20result%20handout%20%2820120212%29.pdf
lny%20vrms%20auction%20result%20handout%20%2820170212%29.pdf	https://www.td.gov.hk/filemanager/common/lny%20vrms%20auction%20result%20handout%20%2820170212%29.pdf
lny%20vrms%20auction%20result%20handout%20%2820190224%29.pdf	https://www.td.gov.hk/filemanager/common/lny%20vrms%20auction%20result%20handout%20%2820190224%29.pdf
lny_auction_result_20230212_CHI.pdf	https://www.td.gov.hk/filemanager/tc/content_4806/lny_auction_result_20230212_CHI.pdf
lny_auction_result_20240225_CHI.pdf	https://www.td.gov.hk/filemanager/tc/content_4806/lny_auction_result_20240225_CHI.pdf
lny_auction_result_20250216_CHI.pdf	https://www.td.gov.hk/filemanager/tc/content_4806/lny_auction_result_20250216_CHI.pdf
lnyauctionresult_20180225.pdf	https://www.td.gov.hk/filemanager/common/lnyauctionresult_20180225.pdf
lunar_new_year_vrms_auction_result_handout_%2820210307%29.pdf	https://www.td.gov.hk/filemanager/common/lunar_new_year_vrms_auction_result_handout_%2820210307%29.pdf
tvrm%20auction%20handout_16.3.2014.pdf	https://www.td.gov.hk/filemanager/common/tvrm%20auction%20handout_16.3.2014.pdf
tvrm%20auction%20handout_20100620.pdf	https://www.td.gov.hk/filemanager/common/tvrm%20auction%20handout_20100620.pdf
tvrm%20auction%20handout_20100821.pdf	https://www.td.gov.hk/filemanager/common/tvrm%20auction%20handout_20100821.pdf
tvrm%20auction%20handout_20100829.pdf	https://www.td.gov.hk/filemanager/common/tvrm%20auction%20handout_20100829.pdf
tvrm%20auction%20handout_20101009.pdf	https://www.td.gov.hk/filemanager/common/tvrm%20auction%20handout_20101009.pdf
tvrm%20auction%20handout_20101205.pdf	https://www.td.gov.hk/filemanager/common/tvrm%20auction%20handout_20101205.pdf
tvrm%20auction%20handout_20110212%20(rev).pdf	https://www.td.gov.hk/filemanager/common/tvrm%20auction%20handout_20110212%20%28rev%29.pdf
tvrm%20auction%20handout_20110212.pdf	https://www.td.gov.hk/filemanager/common/tvrm%20auction%20handout_20110212.pdf
tvrm%20auction%20handout_20110605.pdf	https://www.td.gov.hk/filemanager/common/tvrm%20auction%20handout_20110605.pdf
tvrm%20auction%20handout_20110619.pdf	https://www.td.gov.hk/filemanager/common/tvrm%20auction%20handout_20110619.pdf
tvrm%20auction%20handout_20110702.pdf	https://www.td.gov.hk/filemanager/common/tvrm%20auction%20handout_20110702.pdf
tvrm%20auction%20handout_20110710.pdf	https://www.td.gov.hk/filemanager/common/tvrm%20auction%20handout_20110710.pdf
tvrm%20auction%20handout_20110821.pdf	https://www.td.gov.hk/filemanager/common/tvrm%20auction%20handout_20110821.pdf
tvrm%20auction%20handout_20110828.pdf	https://www.td.gov.hk/filemanager/common/tvrm%20auction%20handout_20110828.pdf
tvrm%20auction%20handout_20110904.pdf	https://www.td.gov.hk/filemanager/common/tvrm%20auction%20handout_20110904.pdf
tvrm%20auction%20handout_20110910.pdf	https://www.td.gov.hk/filemanager/common/tvrm%20auction%20handout_20110910.pdf
tvrm%20auction%20handout_20110918.pdf	https://www.td.gov.hk/filemanager/common/tvrm%20auction%20handout_20110918.pdf
tvrm%20auction%20handout_20120804.pdf	https://www.td.gov.hk/filemanager/common/tvrm%20auction%20handout_20120804.pdf
tvrm%20auction%20handout_20120805.pdf	https://www.td.gov.hk/filemanager/common/tvrm%20auction%20handout_20120805.pdf
tvrm%20auction%20handout_2016.3.12.pdf	https://www.td.gov.hk/filemanager/common/tvrm%20auction%20handout_2016.3.12.pdf
tvrm%20auction%20handout_2016.3.5.pdf	https://www.td.gov.hk/filemanager/common/tvrm%20auction%20handout_2016.3.5.pdf
tvrm%20auction%20handout_2016.5.1.pdf	https://www.td.gov.hk/filemanager/common/tvrm%20auction%20handout_2016.5.1.pdf
tvrm%20auction%20handout_2016.5.7.pdf	https://www.td.gov.hk/filemanager/common/tvrm%20auction%20handout_2016.5.7.pdf
tvrm%20auction%20handout_2016.7.16.pdf	https://www.td.gov.hk/filemanager/common/tvrm%20auction%20handout_2016.7.16.pdf
tvrm%20auction%20handout_2016.8.13.pdf	https://www.td.gov.hk/filemanager/common/tvrm%20auction%20handout_2016.8.13.pdf
tvrm%20auction%20handout_2016.8.14.pdf	https://www.td.gov.hk/filemanager/common/tvrm%20auction%20handout_2016.8.14.pdf
tvrm%20auction%20handout_2017.10.7.pdf	https://www.td.gov.hk/filemanager/common/tvrm%20auction%20handout_2017.10.7.pdf
tvrm%20auction%20handout_2017.12.17.pdf	https://www.td.gov.hk/filemanager/common/tvrm%20auction%20handout_2017.12.17.pdf
tvrm%20auction%20handout_2017.12.3.pdf	https://www.td.gov.hk/filemanager/common/tvrm%20auction%20handout_2017.12.3.pdf
tvrm%20auction%20handout_2017.2.4.pdf	https://www.td.gov.hk/filemanager/common/tvrm%20auction%20handout_2017.2.4.pdf
tvrm%20auction%20handout_2017.2.5.pdf	https://www.td.gov.hk/filemanager/common/tvrm%20auction%20handout_2017.2.5.pdf
tvrm%20auction%20handout_2017.3.19.pdf	https://www.td.gov.hk/filemanager/common/tvrm%20auction%20handout_2017.3.19.pdf
tvrm%20auction%20handout_2018.10.21.pdf	https://www.td.gov.hk/filemanager/common/tvrm%20auction%20handout_2018.10.21.pdf
tvrm%20auction%20handout_2018.6.16.pdf	https://www.td.gov.hk/filemanager/common/tvrm%20auction%20handout_2018.6.16.pdf
tvrm%20auction%20handout_2018.7.14.pdf	https://www.td.gov.hk/filemanager/common/tvrm%20auction%20handout_2018.7.14.pdf
tvrm%20auction%20handout_2018.7.15.pdf	https://www.td.gov.hk/filemanager/common/tvrm%20auction%20handout_2018.7.15.pdf
tvrm%20auction%20handout_2018.7.7.pdf	https://www.td.gov.hk/filemanager/common/tvrm%20auction%20handout_2018.7.7.pdf
tvrm%20auction%20handout_20210807.pdf	https://www.td.gov.hk/filemanager/common/tvrm%20auction%20handout_20210807.pdf
tvrm%20auction%20handout_30.6.2018.pdf	https://www.td.gov.hk/filemanager/common/tvrm%20auction%20handout_30.6.2018.pdf
tvrm%20auction%20result%201-5-2011.pdf	https://www.td.gov.hk/filemanager/common/tvrm%20auction%20result%201-5-2011.pdf
tvrm%20auction%20result%2020111218.pdf	https://www.td.gov.hk/filemanager/common/tvrm%20auction%20result%2020111218.pdf
tvrm%20auction%20result%2020120115.pdf	https://www.td.gov.hk/filemanager/common/tvrm%20auction%20result%2020120115.pdf
tvrm%20auction%20result%2020120318.pdf	https://www.td.gov.hk/filemanager/common/tvrm%20auction%20result%2020120318.pdf
tvrm%20auction%20result%2020120804.pdf	https://www.td.gov.hk/filemanager/common/tvrm%20auction%20result%2020120804.pdf
tvrm%20auction%20result%2020121103.pdf	https://www.td.gov.hk/filemanager/common/tvrm%20auction%20result%2020121103.pdf
tvrm%20auction%20result%208-5-2011.pdf	https://www.td.gov.hk/filemanager/common/tvrm%20auction%20result%208-5-2011.pdf
tvrm%20auction%20result%20handout%201-9-2013.pdf	https://www.td.gov.hk/filemanager/common/tvrm%20auction%20result%20handout%201-9-2013.pdf
tvrm%20auction%20result%20handout%2011-3-2012.pdf	https://www.td.gov.hk/filemanager/common/tvrm%20auction%20result%20handout%2011-3-2012.pdf
tvrm%20auction%20result%20handout%2019-5-2012.pdf	https://www.td.gov.hk/filemanager/common/tvrm%20auction%20result%20handout%2019-5-2012.pdf
tvrm%20auction%20result%20handout%2021-9-2013.pdf	https://www.td.gov.hk/filemanager/common/tvrm%20auction%20result%20handout%2021-9-2013.pdf
tvrm%20auction%20result%20handout%2022-9-2013.pdf	https://www.td.gov.hk/filemanager/common/tvrm%20auction%20result%20handout%2022-9-2013.pdf
tvrm%20auction%20result%20handout%2026.2.2012.pdf	https://www.td.gov.hk/filemanager/common/tvrm%20auction%20result%20handout%2026.2.2012.pdf
tvrm%20auction%20result%20handout%2030-10-2011.pdf	https://www.td.gov.hk/filemanager/common/tvrm%20auction%20result%20handout%2030-10-2011.pdf
tvrm%20auction%20result%20handout%2030-12-2012.pdf	https://www.td.gov.hk/filemanager/common/tvrm%20auction%20result%20handout%2030-12-2012.pdf
tvrm%20auction%20result%20handout%204-12-2011.pdf	https://www.td.gov.hk/filemanager/common/tvrm%20auction%20result%20handout%204-12-2011.pdf
tvrm%20auction%20result%20handout%206-10-2012.pdf	https://www.td.gov.hk/filemanager/common/tvrm%20auction%20result%20handout%206-10-2012.pdf
tvrm%20auction%20result%20handout%208-7-2012.pdf	https://www.td.gov.hk/filemanager/common/tvrm%20auction%20result%20handout%208-7-2012.pdf
tvrm%20auction%20result%20handout_11.1.2014.pdf	https://www.td.gov.hk/filemanager/common/tvrm%20auction%20result%20handout_11.1.2014.pdf
tvrm%20auction%20result%20handout_11.1.2015.pdf	https://www.td.gov.hk/filemanager/common/tvrm%20auction%20result%20handout_11.1.2015.pdf
tvrm%20auction%20result%20handout_13.7.2014.pdf	https://www.td.gov.hk/filemanager/common/tvrm%20auction%20result%20handout_13.7.2014.pdf
tvrm%20auction%20result%20handout_15.12.2013.pdf	https://www.td.gov.hk/filemanager/common/tvrm%20auction%20result%20handout_15.12.2013.pdf
tvrm%20auction%20result%20handout_15.3.2015.pdf	https://www.td.gov.hk/filemanager/common/tvrm%20auction%20result%20handout_15.3.2015.pdf
tvrm%20auction%20result%20handout_16.11.2013.pdf	https://www.td.gov.hk/filemanager/common/tvrm%20auction%20result%20handout_16.11.2013.pdf
tvrm%20auction%20result%20handout_16.11.2014.pdf	https://www.td.gov.hk/filemanager/common/tvrm%20auction%20result%20handout_16.11.2014.pdf
tvrm%20auction%20result%20handout_16.2.2014.pdf	https://www.td.gov.hk/filemanager/common/tvrm%20auction%20result%20handout_16.2.2014.pdf
tvrm%20auction%20result%20handout_17.11.2013.pdf	https://www.td.gov.hk/filemanager/common/tvrm%20auction%20result%20handout_17.11.2013.pdf
tvrm%20auction%20result%20handout_18.5.2014.pdf	https://www.td.gov.hk/filemanager/common/tvrm%20auction%20result%20handout_18.5.2014.pdf
tvrm%20auction%20result%20handout_2.8.2015.pdf	https://www.td.gov.hk/filemanager/common/tvrm%20auction%20result%20handout_2.8.2015.pdf
tvrm%20auction%20result%20handout_20.10.2013.pdf	https://www.td.gov.hk/filemanager/common/tvrm%20auction%20result%20handout_20.10.2013.pdf
tvrm%20auction%20result%20handout_21.12.2014.pdf	https://www.td.gov.hk/filemanager/common/tvrm%20auction%20result%20handout_21.12.2014.pdf
tvrm%20auction%20result%20handout_23.11.2013.pdf	https://www.td.gov.hk/filemanager/common/tvrm%20auction%20result%20handout_23.11.2013.pdf
tvrm%20auction%20result%20handout_23.8.2014.pdf	https://www.td.gov.hk/filemanager/common/tvrm%20auction%20result%20handout_23.8.2014.pdf
tvrm%20auction%20result%20handout_24.5.2015.pdf	https://www.td.gov.hk/filemanager/common/tvrm%20auction%20result%20handout_24.5.2015.pdf
tvrm%20auction%20result%20handout_26.10.2014.pdf	https://www.td.gov.hk/filemanager/common/tvrm%20auction%20result%20handout_26.10.2014.pdf
tvrm%20auction%20result%20handout_26.4.2015.pdf	https://www.td.gov.hk/filemanager/common/tvrm%20auction%20result%20handout_26.4.2015.pdf
tvrm%20auction%20result%20handout_26.7.2015.pdf	https://www.td.gov.hk/filemanager/common/tvrm%20auction%20result%20handout_26.7.2015.pdf
tvrm%20auction%20result%20handout_3.5.2015.pdf	https://www.td.gov.hk/filemanager/common/tvrm%20auction%20result%20handout_3.5.2015.pdf
tvrm%20auction%20result%20handout_3.8.2014.pdf	https://www.td.gov.hk/filemanager/common/tvrm%20auction%20result%20handout_3.8.2014.pdf
tvrm%20auction%20result%20handout_30.11.2014.pdf	https://www.td.gov.hk/filemanager/common/tvrm%20auction%20result%20handout_30.11.2014.pdf
tvrm%20auction%20result%20handout_7.9.2014.pdf	https://www.td.gov.hk/filemanager/common/tvrm%20auction%20result%20handout_7.9.2014.pdf
tvrm%20auction%20result_14.12.2019.pdf	https://www.td.gov.hk/filemanager/common/tvrm%20auction%20result_14.12.2019.pdf
tvrm%20auction%20result_19.1.2020.pdf	https://www.td.gov.hk/filemanager/common/tvrm%20auction%20result_19.1.2020.pdf
tvrm%20auction%20result_20.10.2019.pdf	https://www.td.gov.hk/filemanager/common/tvrm%20auction%20result_20.10.2019.pdf
tvrm%20auction%20result_2017.12.2.pdf	https://www.td.gov.hk/filemanager/common/tvrm%20auction%20result_2017.12.2.pdf
tvrm%20auction%20result_2018.10.14.pdf	https://www.td.gov.hk/filemanager/common/tvrm%20auction%20result_2018.10.14.pdf
tvrm%20auction%20result_2018.11.3.pdf	https://www.td.gov.hk/filemanager/common/tvrm%20auction%20result_2018.11.3.pdf
tvrm%20auction%20result_2018.12.2.pdf	https://www.td.gov.hk/filemanager/common/tvrm%20auction%20result_2018.12.2.pdf
tvrm%20auction%20result_2018.3.17.pdf	https://www.td.gov.hk/filemanager/common/tvrm%20auction%20result_2018.3.17.pdf
tvrm%20auction%20result_2018.4.8.pdf	https://www.td.gov.hk/filemanager/common/tvrm%20auction%20result_2018.4.8.pdf
tvrm%20auction%20result_2018.5.20.pdf	https://www.td.gov.hk/filemanager/common/tvrm%20auction%20result_2018.5.20.pdf
tvrm%20auction%20result_2018.7.8.pdf	https://www.td.gov.hk/filemanager/common/tvrm%20auction%20result_2018.7.8.pdf
tvrm%20auction%20result_2018.8.4.pdf	https://www.td.gov.hk/filemanager/common/tvrm%20auction%20result_2018.8.4.pdf
tvrm%20auction%20result_2019.4.7.pdf	https://www.td.gov.hk/filemanager/common/tvrm%20auction%20result_2019.4.7.pdf
tvrm%20auction%20result_2019.5.19.pdf	https://www.td.gov.hk/filemanager/common/tvrm%20auction%20result_2019.5.19.pdf
tvrm%20auction%20result_2019.6.2.pdf	https://www.td.gov.hk/filemanager/common/tvrm%20auction%20result_2019.6.2.pdf
tvrm%20auction%20result_2019.8.10.pdf	https://www.td.gov.hk/filemanager/common/tvrm%20auction%20result_2019.8.10.pdf
tvrm%20auction%20result_2019.8.11.pdf	https://www.td.gov.hk/filemanager/common/tvrm%20auction%20result_2019.8.11.pdf
tvrm%20auction%20result_2019.9.1.pdf	https://www.td.gov.hk/filemanager/common/tvrm%20auction%20result_2019.9.1.pdf
tvrm%20auction%20result_30.11.2019.pdf	https://www.td.gov.hk/filemanager/common/tvrm%20auction%20result_30.11.2019.pdf
tvrm%20auction%20results%20handout_20100829.pdf	https://www.td.gov.hk/filemanager/common/tvrm%20auction%20results%20handout_20100829.pdf
tvrm%20auction%20results%20handout_20101002.pdf	https://www.td.gov.hk/filemanager/common/tvrm%20auction%20results%20handout_20101002.pdf
tvrm%20auction%20results%20handout_20101009.pdf	https://www.td.gov.hk/filemanager/common/tvrm%20auction%20results%20handout_20101009.pdf
tvrm-auctionresult2018iv-22.pdf	https://www.td.gov.hk/filemanager/common/tvrm-auctionresult2018iv-22.pdf
tvrm_auction_handout_31_7_2021.pdf	https://www.td.gov.hk/filemanager/common/tvrm_auction_handout_31_7_2021.pdf
tvrm_auction_result_10_7_2021.pdf	https://www.td.gov.hk/filemanager/common/tvrm_auction_result_10_7_2021.pdf
tvrm_auction_result_11_12_2021.pdf	https://www.td.gov.hk/filemanager/common/tvrm_auction_result_11_12_2021.pdf
tvrm_auction_result_13_11_2021.pdf	https://www.td.gov.hk/filemanager/common/tvrm_auction_result_13_11_2021.pdf
tvrm_auction_result_19_6_2021.pdf	https://www.td.gov.hk/filemanager/common/tvrm_auction_result_19_6_2021.pdf
tvrm_auction_result_20220924_ch.pdf	https://www.td.gov.hk/filemanager/sc/content_4804/tvrm_auction_result_20220924_ch.pdf
tvrm_auction_result_20220924_en.pdf	https://www.td.gov.hk/filemanager/en/content_4804/tvrm_auction_result_20220924_en.pdf
tvrm_auction_result_20221022_chi.pdf	https://www.td.gov.hk/filemanager/tc/content_4804/tvrm_auction_result_20221022_chi.pdf
tvrm_auction_result_20221022_en.pdf	https://www.td.gov.hk/filemanager/en/content_4804/tvrm_auction_result_20221022_en.pdf
tvrm_auction_result_20221105_chi.pdf	https://www.td.gov.hk/filemanager/tc/content_4804/tvrm_auction_result_20221105_chi.pdf
tvrm_auction_result_20221105_en.pdf	https://www.td.gov.hk/filemanager/en/content_4804/tvrm_auction_result_20221105_en.pdf
tvrm_auction_result_20221127_ch.pdf	https://www.td.gov.hk/filemanager/sc/content_4804/tvrm_auction_result_20221127_ch.pdf
tvrm_auction_result_20221127_en.pdf	https://www.td.gov.hk/filemanager/en/content_4804/tvrm_auction_result_20221127_en.pdf
tvrm_auction_result_20221211_chi.pdf	https://www.td.gov.hk/filemanager/tc/content_4804/tvrm_auction_result_20221211_chi.pdf
tvrm_auction_result_20221211_en.pdf	https://www.td.gov.hk/filemanager/en/content_4804/tvrm_auction_result_20221211_en.pdf
tvrm_auction_result_20230107_ch.pdf	https://www.td.gov.hk/filemanager/sc/content_4804/tvrm_auction_result_20230107_ch.pdf
tvrm_auction_result_20230107_en.pdf	https://www.td.gov.hk/filemanager/en/content_4804/tvrm_auction_result_20230107_en.pdf
tvrm_auction_result_20230128_ch.pdf	https://www.td.gov.hk/filemanager/sc/content_4804/tvrm_auction_result_20230128_ch.pdf
tvrm_auction_result_20230128_en.pdf	https://www.td.gov.hk/filemanager/en/content_4804/tvrm_auction_result_20230128_en.pdf
tvrm_auction_result_20230219_chi.pdf	https://www.td.gov.hk/filemanager/tc/content_4804/tvrm_auction_result_20230219_chi.pdf
tvrm_auction_result_20230219_en.pdf	https://www.td.gov.hk/filemanager/en/content_4804/tvrm_auction_result_20230219_en.pdf
tvrm_auction_result_20230226_ch.pdf	https://www.td.gov.hk/filemanager/sc/content_4804/tvrm_auction_result_20230226_ch.pdf
tvrm_auction_result_20230226_en.pdf	https://www.td.gov.hk/filemanager/en/content_4804/tvrm_auction_result_20230226_en.pdf
tvrm_auction_result_20230311_ch.pdf	https://www.td.gov.hk/filemanager/sc/content_4804/tvrm_auction_result_20230311_ch.pdf
tvrm_auction_result_20230311_en.pdf	https://www.td.gov.hk/filemanager/en/content_4804/tvrm_auction_result_20230311_en.pdf
tvrm_auction_result_20230423_chi.pdf	https://www.td.gov.hk/filemanager/tc/content_4804/tvrm_auction_result_20230423_chi.pdf
tvrm_auction_result_20230423_en.pdf	https://www.td.gov.hk/filemanager/en/content_4804/tvrm_auction_result_20230423_en.pdf
tvrm_auction_result_20230430_chi.pdf	https://www.td.gov.hk/filemanager/tc/content_4804/tvrm_auction_result_20230430_chi.pdf
tvrm_auction_result_20230430_en.pdf	https://www.td.gov.hk/filemanager/en/content_4804/tvrm_auction_result_20230430_en.pdf
tvrm_auction_result_20230506_ch.pdf	https://www.td.gov.hk/filemanager/sc/content_4804/tvrm_auction_result_20230506_ch.pdf
tvrm_auction_result_20230506_en.pdf	https://www.td.gov.hk/filemanager/en/content_4804/tvrm_auction_result_20230506_en.pdf
tvrm_auction_result_20230513_ch.pdf	https://www.td.gov.hk/filemanager/sc/content_4804/tvrm_auction_result_20230513_ch.pdf
tvrm_auction_result_20230513_en.pdf	https://www.td.gov.hk/filemanager/en/content_4804/tvrm_auction_result_20230513_en.pdf
tvrm_auction_result_20230514_chi.pdf	https://www.td.gov.hk/filemanager/tc/content_4804/tvrm_auction_result_20230514_chi.pdf
tvrm_auction_result_20230514_en.pdf	https://www.td.gov.hk/filemanager/en/content_4804/tvrm_auction_result_20230514_en.pdf
tvrm_auction_result_20230521_chi.pdf	https://www.td.gov.hk/filemanager/tc/content_4804/tvrm_auction_result_20230521_chi.pdf
tvrm_auction_result_20230521_en.pdf	https://www.td.gov.hk/filemanager/en/content_4804/tvrm_auction_result_20230521_en.pdf
tvrm_auction_result_20230527_ch.pdf	https://www.td.gov.hk/filemanager/sc/content_4804/tvrm_auction_result_20230527_ch.pdf
tvrm_auction_result_20230527_en.pdf	https://www.td.gov.hk/filemanager/en/content_4804/tvrm_auction_result_20230527_en.pdf
tvrm_auction_result_20230603_ch.pdf	https://www.td.gov.hk/filemanager/sc/content_4804/tvrm_auction_result_20230603_ch.pdf
tvrm_auction_result_20230603_en.pdf	https://www.td.gov.hk/filemanager/en/content_4804/tvrm_auction_result_20230603_en.pdf
tvrm_auction_result_20230604_ch.pdf	https://www.td.gov.hk/filemanager/sc/content_4804/tvrm_auction_result_20230604_ch.pdf
tvrm_auction_result_20230604_en.pdf	https://www.td.gov.hk/filemanager/en/content_4804/tvrm_auction_result_20230604_en.pdf
tvrm_auction_result_20230610_ch.pdf	https://www.td.gov.hk/filemanager/sc/content_4804/tvrm_auction_result_20230610_ch.pdf
tvrm_auction_result_20230610_en.pdf	https://www.td.gov.hk/filemanager/en/content_4804/tvrm_auction_result_20230610_en.pdf
tvrm_auction_result_20230611_chi.pdf	https://www.td.gov.hk/filemanager/tc/content_4804/tvrm_auction_result_20230611_chi.pdf
tvrm_auction_result_20230611_en.pdf	https://www.td.gov.hk/filemanager/en/content_4804/tvrm_auction_result_20230611_en.pdf
tvrm_auction_result_20230617_ch.pdf	https://www.td.gov.hk/filemanager/sc/content_4804/tvrm_auction_result_20230617_ch.pdf
tvrm_auction_result_20230617_en.pdf	https://www.td.gov.hk/filemanager/en/content_4804/tvrm_auction_result_20230617_en.pdf
tvrm_auction_result_20230618_chi.pdf	https://www.td.gov.hk/filemanager/tc/content_4804/tvrm_auction_result_20230618_chi.pdf
tvrm_auction_result_20230618_en.pdf	https://www.td.gov.hk/filemanager/en/content_4804/tvrm_auction_result_20230618_en.pdf
tvrm_auction_result_20230702_chi.pdf	https://www.td.gov.hk/filemanager/tc/content_4804/tvrm_auction_result_20230702_chi.pdf
tvrm_auction_result_20230702_en.pdf	https://www.td.gov.hk/filemanager/en/content_4804/tvrm_auction_result_20230702_en.pdf
tvrm_auction_result_20230708_ch.pdf	https://www.td.gov.hk/filemanager/sc/content_4804/tvrm_auction_result_20230708_ch.pdf
tvrm_auction_result_20230708_en.pdf	https://www.td.gov.hk/filemanager/en/content_4804/tvrm_auction_result_20230708_en.pdf
tvrm_auction_result_20230709_ch.pdf	https://www.td.gov.hk/filemanager/sc/content_4804/tvrm_auction_result_20230709_ch.pdf
tvrm_auction_result_20230709_en.pdf	https://www.td.gov.hk/filemanager/en/content_4804/tvrm_auction_result_20230709_en.pdf
tvrm_auction_result_20230715_ch.pdf	https://www.td.gov.hk/filemanager/sc/content_4804/tvrm_auction_result_20230715_ch.pdf
tvrm_auction_result_20230715_en.pdf	https://www.td.gov.hk/filemanager/en/content_4804/tvrm_auction_result_20230715_en.pdf
tvrm_auction_result_20230805_ch.pdf	https://www.td.gov.hk/filemanager/sc/content_4804/tvrm_auction_result_20230805_ch.pdf
tvrm_auction_result_20230805_en.pdf	https://www.td.gov.hk/filemanager/en/content_4804/tvrm_auction_result_20230805_en.pdf
tvrm_auction_result_20230806_ch.pdf	https://www.td.gov.hk/filemanager/sc/content_4804/tvrm_auction_result_20230806_ch.pdf
tvrm_auction_result_20230806_en.pdf	https://www.td.gov.hk/filemanager/en/content_4804/tvrm_auction_result_20230806_en.pdf
tvrm_auction_result_20230812_ch.pdf	https://www.td.gov.hk/filemanager/sc/content_4804/tvrm_auction_result_20230812_ch.pdf
tvrm_auction_result_20230812_en.pdf	https://www.td.gov.hk/filemanager/en/content_4804/tvrm_auction_result_20230812_en.pdf
tvrm_auction_result_20230826_chi.pdf	https://www.td.gov.hk/filemanager/tc/content_4804/tvrm_auction_result_20230826_chi.pdf
tvrm_auction_result_20230826_en.pdf	https://www.td.gov.hk/filemanager/en/content_4804/tvrm_auction_result_20230826_en.pdf
tvrm_auction_result_20231007_chi.pdf	https://www.td.gov.hk/filemanager/tc/content_4804/tvrm_auction_result_20231007_chi.pdf
tvrm_auction_result_20231007_en.pdf	https://www.td.gov.hk/filemanager/en/content_4804/tvrm_auction_result_20231007_en.pdf
tvrm_auction_result_20231008_ch.pdf	https://www.td.gov.hk/filemanager/sc/content_4804/tvrm_auction_result_20231008_ch.pdf
tvrm_auction_result_20231008_en.pdf	https://www.td.gov.hk/filemanager/en/content_4804/tvrm_auction_result_20231008_en.pdf
tvrm_auction_result_20231021_chi.pdf	https://www.td.gov.hk/filemanager/tc/content_4804/tvrm_auction_result_20231021_chi.pdf
tvrm_auction_result_20231021_en.pdf	https://www.td.gov.hk/filemanager/en/content_4804/tvrm_auction_result_20231021_en.pdf
tvrm_auction_result_20231022_chi.pdf	https://www.td.gov.hk/filemanager/tc/content_4804/tvrm_auction_result_20231022_chi.pdf
tvrm_auction_result_20231022_en.pdf	https://www.td.gov.hk/filemanager/en/content_4804/tvrm_auction_result_20231022_en.pdf
tvrm_auction_result_20231118_chi.pdf	https://www.td.gov.hk/filemanager/tc/content_4804/tvrm_auction_result_20231118_chi.pdf
tvrm_auction_result_20231118_en.pdf	https://www.td.gov.hk/filemanager/en/content_4804/tvrm_auction_result_20231118_en.pdf
tvrm_auction_result_20231119_chi.pdf	https://www.td.gov.hk/filemanager/tc/content_4804/tvrm_auction_result_20231119_chi.pdf
tvrm_auction_result_20231119_en.pdf	https://www.td.gov.hk/filemanager/en/content_4804/tvrm_auction_result_20231119_en.pdf
tvrm_auction_result_20240113_chi.pdf	https://www.td.gov.hk/filemanager/tc/content_4804/tvrm_auction_result_20240113_chi.pdf
tvrm_auction_result_20240113_en.pdf	https://www.td.gov.hk/filemanager/en/content_4804/tvrm_auction_result_20240113_en.pdf
tvrm_auction_result_20240114_ch.pdf	https://www.td.gov.hk/filemanager/sc/content_4804/tvrm_auction_result_20240114_ch.pdf
tvrm_auction_result_20240114_en.pdf	https://www.td.gov.hk/filemanager/en/content_4804/tvrm_auction_result_20240114_en.pdf
tvrm_auction_result_20240120_chi.pdf	https://www.td.gov.hk/filemanager/tc/content_4804/tvrm_auction_result_20240120_chi.pdf
tvrm_auction_result_20240120_en.pdf	https://www.td.gov.hk/filemanager/en/content_4804/tvrm_auction_result_20240120_en.pdf
tvrm_auction_result_20240127_ch.pdf	https://www.td.gov.hk/filemanager/sc/content_4804/tvrm_auction_result_20240127_ch.pdf
tvrm_auction_result_20240127_en.pdf	https://www.td.gov.hk/filemanager/en/content_4804/tvrm_auction_result_20240127_en.pdf
tvrm_auction_result_20240128_chi.pdf	https://www.td.gov.hk/filemanager/tc/content_4804/tvrm_auction_result_20240128_chi.pdf
tvrm_auction_result_20240128_en.pdf	https://www.td.gov.hk/filemanager/en/content_4804/tvrm_auction_result_20240128_en.pdf
tvrm_auction_result_20240203_chi.pdf	https://www.td.gov.hk/filemanager/tc/content_4804/tvrm_auction_result_20240203_chi.pdf
tvrm_auction_result_20240203_en.pdf	https://www.td.gov.hk/filemanager/en/content_4804/tvrm_auction_result_20240203_en.pdf
tvrm_auction_result_20240204_ch.pdf	https://www.td.gov.hk/filemanager/sc/content_4804/tvrm_auction_result_20240204_ch.pdf
tvrm_auction_result_20240204_en.pdf	https://www.td.gov.hk/filemanager/en/content_4804/tvrm_auction_result_20240204_en.pdf
tvrm_auction_result_20240217_chi.pdf	https://www.td.gov.hk/filemanager/tc/content_4804/tvrm_auction_result_20240217_chi.pdf
tvrm_auction_result_20240217_en.pdf	https://www.td.gov.hk/filemanager/en/content_4804/tvrm_auction_result_20240217_en.pdf
tvrm_auction_result_20240218_ch.pdf	https://www.td.gov.hk/filemanager/sc/content_4804/tvrm_auction_result_20240218_ch.pdf
tvrm_auction_result_20240218_en.pdf	https://www.td.gov.hk/filemanager/en/content_4804/tvrm_auction_result_20240218_en.pdf
tvrm_auction_result_20240224_ch.pdf	https://www.td.gov.hk/filemanager/sc/content_4804/tvrm_auction_result_20240224_ch.pdf
tvrm_auction_result_20240224_en.pdf	https://www.td.gov.hk/filemanager/en/content_4804/tvrm_auction_result_20240224_en.pdf
tvrm_auction_result_20240309_chi.pdf	https://www.td.gov.hk/filemanager/tc/content_4804/tvrm_auction_result_20240309_chi.pdf
tvrm_auction_result_20240309_en.pdf	https://www.td.gov.hk/filemanager/en/content_4804/tvrm_auction_result_20240309_en.pdf
tvrm_auction_result_20240310_ch.pdf	https://www.td.gov.hk/filemanager/sc/content_4804/tvrm_auction_result_20240310_ch.pdf
tvrm_auction_result_20240310_en.pdf	https://www.td.gov.hk/filemanager/en/content_4804/tvrm_auction_result_20240310_en.pdf
tvrm_auction_result_20240316_chi.pdf	https://www.td.gov.hk/filemanager/tc/content_4804/tvrm_auction_result_20240316_chi.pdf
tvrm_auction_result_20240316_en.pdf	https://www.td.gov.hk/filemanager/en/content_4804/tvrm_auction_result_20240316_en.pdf
tvrm_auction_result_20240406_chi.pdf	https://www.td.gov.hk/filemanager/tc/content_4804/tvrm_auction_result_20240406_chi.pdf
tvrm_auction_result_20240406_en.pdf	https://www.td.gov.hk/filemanager/en/content_4804/tvrm_auction_result_20240406_en.pdf
tvrm_auction_result_20240504_chi.pdf	https://www.td.gov.hk/filemanager/tc/content_4804/tvrm_auction_result_20240504_chi.pdf
tvrm_auction_result_20240504_en.pdf	https://www.td.gov.hk/filemanager/en/content_4804/tvrm_auction_result_20240504_en.pdf
tvrm_auction_result_20240505_ch.pdf	https://www.td.gov.hk/filemanager/sc/content_4804/tvrm_auction_result_20240505_ch.pdf
tvrm_auction_result_20240505_en.pdf	https://www.td.gov.hk/filemanager/en/content_4804/tvrm_auction_result_20240505_en.pdf
tvrm_auction_result_20240525_chi.pdf	https://www.td.gov.hk/filemanager/tc/content_4804/tvrm_auction_result_20240525_chi.pdf
tvrm_auction_result_20240525_en.pdf	https://www.td.gov.hk/filemanager/en/content_4804/tvrm_auction_result_20240525_en.pdf
tvrm_auction_result_20240526_ch.pdf	https://www.td.gov.hk/filemanager/sc/content_4804/tvrm_auction_result_20240526_ch.pdf
tvrm_auction_result_20240526_en.pdf	https://www.td.gov.hk/filemanager/en/content_4804/tvrm_auction_result_20240526_en.pdf
tvrm_auction_result_20240601_chi.pdf	https://www.td.gov.hk/filemanager/tc/content_4804/tvrm_auction_result_20240601_chi.pdf
tvrm_auction_result_20240601_en.pdf	https://www.td.gov.hk/filemanager/en/content_4804/tvrm_auction_result_20240601_en.pdf
tvrm_auction_result_20240602_ch.pdf	https://www.td.gov.hk/filemanager/sc/content_4804/tvrm_auction_result_20240602_ch.pdf
tvrm_auction_result_20240602_en.pdf	https://www.td.gov.hk/filemanager/en/content_4804/tvrm_auction_result_20240602_en.pdf
tvrm_auction_result_20240608_chi.pdf	https://www.td.gov.hk/filemanager/tc/content_4804/tvrm_auction_result_20240608_chi.pdf
tvrm_auction_result_20240608_en.pdf	https://www.td.gov.hk/filemanager/en/content_4804/tvrm_auction_result_20240608_en.pdf
tvrm_auction_result_20240706_chi.pdf	https://www.td.gov.hk/filemanager/tc/content_4804/tvrm_auction_result_20240706_chi.pdf
tvrm_auction_result_20240706_en.pdf	https://www.td.gov.hk/filemanager/en/content_4804/tvrm_auction_result_20240706_en.pdf
tvrm_auction_result_20240707_ch.pdf	https://www.td.gov.hk/filemanager/sc/content_4804/tvrm_auction_result_20240707_ch.pdf
tvrm_auction_result_20240707_en.pdf	https://www.td.gov.hk/filemanager/en/content_4804/tvrm_auction_result_20240707_en.pdf
tvrm_auction_result_20240713_chi.pdf	https://www.td.gov.hk/filemanager/tc/content_4804/tvrm_auction_result_20240713_chi.pdf
tvrm_auction_result_20240713_en.pdf	https://www.td.gov.hk/filemanager/en/content_4804/tvrm_auction_result_20240713_en.pdf
tvrm_auction_result_20240714_ch.pdf	https://www.td.gov.hk/filemanager/sc/content_4804/tvrm_auction_result_20240714_ch.pdf
tvrm_auction_result_20240714_en.pdf	https://www.td.gov.hk/filemanager/en/content_4804/tvrm_auction_result_20240714_en.pdf
tvrm_auction_result_20240803_chi.pdf	https://www.td.gov.hk/filemanager/tc/content_4804/tvrm_auction_result_20240803_chi.pdf
tvrm_auction_result_20240803_en.pdf	https://www.td.gov.hk/filemanager/en/content_4804/tvrm_auction_result_20240803_en.pdf
tvrm_auction_result_20240810_chi.pdf	https://www.td.gov.hk/filemanager/tc/content_4804/tvrm_auction_result_20240810_chi.pdf
tvrm_auction_result_20240810_en.pdf	https://www.td.gov.hk/filemanager/en/content_4804/tvrm_auction_result_20240810_en.pdf
tvrm_auction_result_20240811_ch.pdf	https://www.td.gov.hk/filemanager/sc/content_4804/tvrm_auction_result_20240811_ch.pdf
tvrm_auction_result_20240811_en.pdf	https://www.td.gov.hk/filemanager/en/content_4804/tvrm_auction_result_20240811_en.pdf
tvrm_auction_result_20240907_chi.pdf	https://www.td.gov.hk/filemanager/tc/content_4804/tvrm_auction_result_20240907_chi.pdf
tvrm_auction_result_20240907_en.pdf	https://www.td.gov.hk/filemanager/en/content_4804/tvrm_auction_result_20240907_en.pdf
tvrm_auction_result_20241005_chi.pdf	https://www.td.gov.hk/filemanager/tc/content_4804/tvrm_auction_result_20241005_chi.pdf
tvrm_auction_result_20241005_en.pdf	https://www.td.gov.hk/filemanager/en/content_4804/tvrm_auction_result_20241005_en.pdf
tvrm_auction_result_20241116_chi.pdf	https://www.td.gov.hk/filemanager/tc/content_4804/tvrm_auction_result_20241116_chi.pdf
tvrm_auction_result_20241116_en.pdf	https://www.td.gov.hk/filemanager/en/content_4804/tvrm_auction_result_20241116_en.pdf
tvrm_auction_result_20241201_ch.pdf	https://www.td.gov.hk/filemanager/sc/content_4804/tvrm_auction_result_20241201_ch.pdf
tvrm_auction_result_20241201_en.pdf	https://www.td.gov.hk/filemanager/en/content_4804/tvrm_auction_result_20241201_en.pdf
tvrm_auction_result_20241207_chi.pdf	https://www.td.gov.hk/filemanager/tc/content_4804/tvrm_auction_result_20241207_chi.pdf
tvrm_auction_result_20241207_en.pdf	https://www.td.gov.hk/filemanager/en/content_4804/tvrm_auction_result_20241207_en.pdf
tvrm_auction_result_20250510_ch.pdf	https://www.td.gov.hk/filemanager/sc/content_4804/tvrm_auction_result_20250510_ch.pdf
tvrm_auction_result_20250510_en.pdf	https://www.td.gov.hk/filemanager/en/content_4804/tvrm_auction_result_20250510_en.pdf
tvrm_auction_result_20250517_chi.pdf	https://www.td.gov.hk/filemanager/tc/content_4804/tvrm_auction_result_20250517_chi.pdf
tvrm_auction_result_20250517_en.pdf	https://www.td.gov.hk/filemanager/en/content_4804/tvrm_auction_result_20250517_en.pdf
tvrm_auction_result_20250524_chi.pdf	https://www.td.gov.hk/filemanager/tc/content_4804/tvrm_auction_result_20250524_chi.pdf
tvrm_auction_result_20250524_en.pdf	https://www.td.gov.hk/filemanager/en/content_4804/tvrm_auction_result_20250524_en.pdf
tvrm_auction_result_20250607_chi.pdf	https://www.td.gov.hk/filemanager/tc/content_4804/tvrm_auction_result_20250607_chi.pdf
tvrm_auction_result_20250607_en.pdf	https://www.td.gov.hk/filemanager/en/content_4804/tvrm_auction_result_20250607_en.pdf
tvrm_auction_result_20250706_ch.pdf	https://www.td.gov.hk/filemanager/sc/content_4804/tvrm_auction_result_20250706_ch.pdf
tvrm_auction_result_20250706_en.pdf	https://www.td.gov.hk/filemanager/en/content_4804/tvrm_auction_result_20250706_en.pdf
tvrm_auction_result_20251019_ch.pdf	https://www.td.gov.hk/filemanager/sc/content_4804/tvrm_auction_result_20251019_ch.pdf
tvrm_auction_result_20251019_en.pdf	https://www.td.gov.hk/filemanager/en/content_4804/tvrm_auction_result_20251019_en.pdf
tvrm_auction_result_20251025_chi.pdf	https://www.td.gov.hk/filemanager/tc/content_4804/tvrm_auction_result_20251025_chi.pdf
tvrm_auction_result_20251025_en.pdf	https://www.td.gov.hk/filemanager/en/content_4804/tvrm_auction_result_20251025_en.pdf
tvrm_auction_result_20251213_chi.pdf	https://www.td.gov.hk/filemanager/tc/content_4804/tvrm_auction_result_20251213_chi.pdf
tvrm_auction_result_20251213_en.pdf	https://www.td.gov.hk/filemanager/en/content_4804/tvrm_auction_result_20251213_en.pdf
tvrm_auction_result_6_6_2021.pdf	https://www.td.gov.hk/filemanager/common/tvrm_auction_result_6_6_2021.pdf
tvrm_auction_result_7_8_2021.pdf	https://www.td.gov.hk/filemanager/common/tvrm_auction_result_7_8_2021.pdf
tvrm_result_20210926.pdf	https://www.td.gov.hk/filemanager/common/tvrm_result_20210926.pdf
tvrm_result_20230910_ch.pdf	https://www.td.gov.hk/filemanager/sc/content_4804/tvrm_result_20230910_ch.pdf
tvrm_result_20230910_en.pdf	https://www.td.gov.hk/filemanager/en/content_4804/tvrm_result_20230910_en.pdf
tvrm_result_20230916_ch.pdf	https://www.td.gov.hk/filemanager/sc/content_4804/tvrm_result_20230916_ch.pdf
tvrm_result_20230916_en.pdf	https://www.td.gov.hk/filemanager/en/content_4804/tvrm_result_20230916_en.pdf
tvrm_result_20231111_ch.pdf	https://www.td.gov.hk/filemanager/sc/content_4804/tvrm_result_20231111_ch.pdf
tvrm_result_20231111_en.pdf	https://www.td.gov.hk/filemanager/en/content_4804/tvrm_result_20231111_en.pdf
tvrm_result_20231125_ch.pdf	https://www.td.gov.hk/filemanager/sc/content_4804/tvrm_result_20231125_ch.pdf
tvrm_result_20231125_en.pdf	https://www.td.gov.hk/filemanager/en/content_4804/tvrm_result_20231125_en.pdf
tvrm_result_20231202_ch.pdf	https://www.td.gov.hk/filemanager/sc/content_4804/tvrm_result_20231202_ch.pdf
tvrm_result_20231202_en.pdf	https://www.td.gov.hk/filemanager/en/content_4804/tvrm_result_20231202_en.pdf
tvrm_resultt20110910.pdf	https://www.td.gov.hk/filemanager/common/tvrm_resultt20110910.pdf
